record_id,visit_age,wj_lwid_raw,wj_lwid_ss,wj_wa_raw,wj_wa_ss,wj_srf_ss,wj_mff_ss,wj_calc_ss,wj_brs,wj_rf,wj_mcs,twre_swe_raw,twre_swe_ss,twre_pde_raw,twre_pde_ss,twre_index,wasi_vocab_raw,wasi_vocab_ts,wasi_mr_raw,wasi_mr_ts,wasi_fs2,ctopp_rapid,eng_age,primary_lang,dys_dx,income,ses_highested,MonthsSinceTesting,agenow,wj_lwid_raw_adj
23,153,52,76,19,83,75,91,79,78,73,85,64,83,21,74,77,28,44,18,48,93,,,,,,,7,161,53
36,122,61,107,25,110,98,110,101,109,99,107,70,99,39,102,101,35,65,24,70,130,,,,,,,9,131,64
38,122,68,122,26,113,99,93,94,120,106,93,74,105,45,110,108,33,61,20,57,116,,,,,,,9,131,68
40,133,47,75,18,86,88,78,67,79,83,72,52,75,19,74,73,30,53,7,30,85,,,,,,,10,144,50
41,141,63,103,27,111,84,87,114,107,89,98,63,85,26,83,83,37,62,23,63,122,,,,,,,7,148,63
42,185,69,104,23,90,110,99,107,98,109,103,88,103,36,87,95,43,66,27,75,135,,,,,,,6,192,65
50,82,40,107,12,101,109,91,102,105,112,96,58,122,15,101,112,29,76,12,55,127,,,,,,,4,87,48
51,123,64,114,23,104,125,84,104,110,122,92,74,105,42,106,106,38,72,24,70,136,,,,,,,4,127,62
67,91,46,104,15,99,106,89,97,102,103,91,41,97,11,87,92,25,62,10,47,108,,,,,,,6,98,51
69,141,60,97,24,101,86,94,87,99,88,91,66,88,33,91,89,28,46,21,56,102,,,,,,,9,151,61
70,141,57,90,20,89,94,80,86,89,93,82,68,91,32,90,90,31,51,18,50,101,,,,,,,9,151,58
71,90,33,87,15,99,80,82,91,92,81,84,19,76,12,88,81,10,33,8,43,79,,,,,,,9,100,39
79,101,60,119,27,128,101,89,88,124,105,88,65,111,46,121,117,25,56,19,61,115,,,,,,,9,110,63
80,118,53,94,15,83,94,88,85,89,92,86,56,85,17,79,81,17,36,18,53,90,,,,,,,9,128,54
85,154,67,108,24,98,103,94,111,104,100,101,80,103,47,105,104,34,53,20,53,105,,,,,,,6,161,64
87,130,52,87,22,98,80,105,93,91,79,99,52,79,21,80,78,27,48,20,56,103,,,,,,,5,136,53
94,149,65,105,23,96,73,95,94,101,79,94,60,80,29,84,81,34,54,20,53,106,,,,,,,9,159,65
99,106,62,119,25,117,91,107,95,119,97,102,75,117,46,118,119,19,42,21,65,106,,,,,,,9,116,65
100,85,50,117,17,110,94,125,110,114,96,120,35,97,18,101,99,17,48,7,43,92,,,,,,,9,94,59
105,118,24,49,11,71,45,52,56,57,40,51,18,55,1,55,53,23,45,13,42,89,,,,,,,9,128,30
107,113,53,96,17,90,96,95,98,94,94,96,58,87,18,80,83,22,45,20,58,102,,,,,,,7,121,54
108,142,45,68,19,86,65,57,61,74,67,57,43,68,14,68,66,34,56,17,47,102,,,,,,,7,149,45
111,140,59,95,22,96,98,97,112,95,98,104,70,93,36,95,94,35,58,19,52,109,,,,,,,9,149,57
112,109,57,107,24,112,99,104,105,110,100,104,76,111,43,111,112,23,48,9,36,86,,,,,,,9,119,62
114,290,,,,,,,,,,,101,112,59,112,113,41,55,27,71,123,,,,,,,9,300,NaN
119,236,,,,,,,,,,,79,89,54,104,96,40,55,27,73,124,,,,,,,6,243,NaN
120,304,,,,,,,,,,,85,95,49,99,97,42,56,25,60,114,,,,,,,9,314,NaN
123,365,,,,,,,,,,,97,107,54,104,106,44,58,20,49,106,,,,,,,8,373,NaN
124,362,,,,,,,,,,,98,108,63,123,116,52,79,27,70,142,,,,,,,9,372,NaN
131,169,54,75,14,66,104,107,108,70,95,108,69,83,9,62,71,37,56,25,69,122,,,,,,,5,175,51
132,145,54,84,13,69,95,103,106,77,93,105,71,90,18,72,80,35,57,21,56,111,,,,,,,5,150,55
136,296,,,,,,,,,,,106,124,58,110,118,46,65,20,48,111,,,,,,,8,304,NaN
142,297,,,,,,,,,,,105,121,58,110,116,48,72,29,78,143,,,,,,,9,306,NaN
143,325,,,,,,,,,,,98,108,56,108,108,49,71,25,60,127,,,,,,,8,334,NaN
146,315,,,,,,,,,,,96,106,55,106,106,47,65,22,52,115,,,,,,,6,321,NaN
152,275,,,,,,,,,,,82,92,44,94,93,42,57,23,54,109,,,,,,,3,278,NaN
153,344,,,,,,,,,,,108,130,57,109,121,52,80,24,57,132,,,,,,,5,349,NaN
157,316,,,,,,,,,,,84,94,59,112,103,48,68,23,54,119,,,,,,,6,323,NaN
161,95,50,106,16,97,93,78,79,102,94,76,40,,11,,,22,54,13,51,104,,,,,,,7,103,53
163,260,,,,,,,,,,,67,80,41,91,85,41,55,22,52,106,,,,,,,6,267,NaN
165,335,,,,,,,,,,,98,108,66,130,120,48,68,22,52,117,,,,,,,6,341,NaN
167,288,,,,,,,,,,,108,130,59,112,122,49,77,24,57,129,,,,,,,6,294,NaN
173,128,45,76,19,90,80,85,100,81,79,92,53,80,24,84,81,32,56,13,41,97,,,,,,,7,136,47
183,332,,,,,,,,,,,107,127,43,93,111,43,57,25,60,115,,,,,,,4,337,NaN
188,292,,,,,,,,,,,100,111,51,100,106,44,61,22,52,111,,,,,,,8,301,NaN
210,126,58,99,18,88,100,88,102,94,95,94,68,96,22,81,88,36,65,17,50,113,,,,,,,7,133,60
211,215,75,115,29,108,,,,113,,,108,130,59,112,122,49,80,25,62,136,113,,,,,,-2,214,68
212,170,67,103,27,105,,,,104,,,92,113,47,99,106,42,67,22,56,120,65,,,,,,-1,169,63
215,86,52,118,17,109,104,89,96,115,106,91,61,120,23,107,114,20,54,18,65,117,,,,,,,5,91,56
219,117,58,104,23,105,90,114,121,105,92,118,57,86,26,90,87,35,66,21,60,123,,,,,,,4,122,58
223,98,56,113,25,122,,101,99,117,,100,70,117,37,111,115,33,75,11,46,118,,,,,,,3,102,58
224,109,39,79,6,46,82,104,74,66,80,90,46,75,0,55,63,14,33,9,36,74,,,,,,,7,116,41
226,111,46,88,19,96,89,107,92,91,88,100,57,86,17,79,82,23,48,20,59,106,,,,,,,4,115,49
230,115,44,83,19,94,85,93,93,87,84,92,46,75,15,76,74,28,54,17,52,105,,,,,,,5,121,47
245,107,38,80,20,101,82,89,100,88,83,94,26,66,20,86,75,26,55,13,46,101,,,,,,,4,112,42
258,135,56,92,19,88,85,72,87,90,88,77,62,84,32,90,86,34,58,19,53,109,,,,,,,7,142,59
297,107,42,85,20,101,,92,84,91,,88,43,78,17,82,79,27,57,12,44,101,,,,,,,6,113,44
305,134,69,120,25,107,107,105,116,116,108,111,84,115,55,121,119,29,50,16,47,97,,,,,,,4,138,72
309,121,49,87,18,90,86,98,93,88,81,96,68,96,8,63,78,32,59,19,55,112,,,,,,,4,125,51
323,125,64,113,23,102,96,90,107,109,99,97,67,95,39,102,98,33,59,24,69,124,,,,,,,7,133,66
331,124,65,115,27,116,,92,103,117,,96,64,91,35,97,94,37,67,21,59,123,,,,,,,3,128,66
333,138,48,75,20,90,55,51,97,81,56,71,33,59,13,67,61,27,46,13,40,88,,,,,,,7,145,50
336,128,62,107,26,113,112,104,115,110,107,110,76,107,42,106,107,27,48,25,73,118,,,,,,,5,133,64
339,93,69,141,30,144,131,112,128,143,133,121,72,129,48,129,131,35,80,21,70,143,,,,,,,7,100,NaN
342,126,67,118,20,93,92,86,94,108,93,89,66,94,38,101,97,30,54,16,48,102,,,,,,,6,133,68
343,150,63,100,18,82,101,91,106,92,98,98,71,90,29,84,86,37,60,24,66,123,,,,,,,6,157,63
346,90,24,74,11,88,,,,80,,,24,81,9,84,82,22,56,5,37,94,73,,,,,,-2,89,21
347,185,69,104,22,87,88,95,122,96,91,108,69,82,30,81,81,37,53,25,66,117,,,,,,,6,192,65
348,124,52,90,18,89,75,78,95,89,76,85,44,70,20,79,73,33,59,21,59,116,,,,,,,6,131,52
349,176,72,113,31,126,,,,120,,,93,115,47,99,107,50,80,21,53,129,101,,,,,,-2,175,69
351,223,,,,,,,,,,,108,130,58,110,121,48,78,24,58,131,,,,,,,6,229,NaN
352,154,64,100,27,108,,,,104,,,85,111,44,101,106,36,57,14,41,98,85,,,,,,-2,153,63
353,111,51,94,20,98,84,91,77,96,87,84,58,87,30,95,91,25,52,7,33,87,,,,,,,3,115,51
354,119,60,107,24,107,,95,89,108,,92,67,98,34,100,99,25,48,21,60,107,,,,,,,6,125,62
358,111,63,118,31,146,,104,101,132,,103,71,103,45,113,108,31,62,17,53,113,,,,,,,3,115,63
361,118,72,133,29,127,,,,133,,,84,124,47,116,121,35,66,20,57,120,101,,,,,,-2,116,74
362,91,63,132,25,126,,,,130,,,62,119,32,113,117,29,70,9,45,113,92,,,,,,-2,89,62
366,118,37,70,17,88,57,68,87,77,58,75,26,56,11,70,61,22,44,15,46,91,,,,,,,6,124,39
367,146,71,120,29,119,,,,121,,,78,100,49,107,104,38,63,18,50,111,88,,,,,,-1,146,72
373,76,13,77,6,84,,,,80,,,2,76,0,74,74,,,,,,,,,,,,-1,75,30
374,105,41,86,13,84,,81,88,85,,83,38,73,6,66,68,27,57,8,36,94,,,,,,,6,111,45
409,102,51,101,14,88,,,,96,,,59,103,28,101,102,25,56,16,54,109,88,,,,,,-2,100,49
416,88,54,118,23,122,,,,120,,,69,127,26,111,120,31,75,19,66,135,98,,,,,,-1,87,56
423,248,,,,,,,,,,,95,105,57,109,107,,,,,,,,,,,,6,254,NaN
445,109,49,93,19,97,,,,94,,,65,96,15,76,85,30,60,20,59,117,82,,,,,,-1,108,48
446,91,27,77,9,81,,,,79,,,24,81,2,69,74,25,62,12,51,111,79,,,,,,-1,90,30
447,148,66,107,24,98,,,,104,,,91,123,42,98,111,36,58,19,51,108,95,,,,,,-1,148,64
467,151,58,89,21,89,,,,89,,,62,82,31,86,83,33,53,21,56,108,73,,,,,,-1,150,58
469,131,65,111,24,103,,,,109,,,71,100,41,104,102,28,50,19,54,103,73,,,,,,-1,131,65
1010,112,40,77,13,79,55,,,78,61,,37,66,17,79,71,10,26,18,54,83,79,,,,,,60,173,53
1100,380,76,112,26,94,,,,104,,,89,99,34,84,91,,,,,,85,,,,,,46,427,76
2001,100,57,114,21,108,108,92,98,112,106,94,65,111,31,104,108,,,,,,98,,,,,,21,122,62
1101,238,73,107,31,123,,,,115,,,91,101,45,95,98,,,,,,,,,,,,46,285,74
2011,87,12,55,6,66,,81,,61,,,,,,,,18,48,12,51,99,76,,,,,,26,114,12
2012,112,63,117,22,104,105,74,,113,107,,72,105,40,107,106,31,60,18,54,112,82,,,,,,26,139,68
2015,97,59,121,21,110,134,114,,117,126,,87,137,36,110,125,29,66,23,76,136,116,,,,,,23,120,66
2018,112,51,94,20,98,89,88,,96,93,,58,87,26,90,88,26,51,17,52,102,95,,,,,,25,137,59
2019,146,47,71,16,77,84,71,76,73,81,72,62,80,22,75,76,,,,,,82,,,,,,25,171,47
1102,420,66,88,16,67,91,,,77,87,,87,97,26,74,85,,,,,,,,,,,,45,466,66
2021,96,20,62,14,91,67,88,,74,68,,14,58,5,68,61,21,50,12,48,98,82,,,,,,4,100,21
2024,108,45,89,16,90,93,85,,89,91,,49,77,17,79,77,26,53,15,48,101,95,,,,,,23,131,54
2025,99,46,96,22,111,78,97,,101,81,,27,72,14,82,76,20,48,18,60,107,79,,,,,,26,125,57
1103,247,78,129,29,108,123,,,122,122,,106,124,60,113,120,,,,,,,,,,,,46,293,78
2031,149,65,104,26,105,109,82,,105,108,,88,117,43,100,109,40,66,25,71,132,76,,,,,,24,173,65
1104,322,75,110,30,112,86,,,111,93,,104,118,57,109,114,,,,,,,,,,,,45,368,75
2041,99,22,64,7,65,64,70,78,65,62,71,13,57,2,62,57,,,,,,73,,,,,,21,120,39
2042,96,43,93,16,96,74,79,,95,77,,22,68,9,75,70,20,48,11,46,94,79,,,,,,25,122,50
2045,116,33,65,10,69,65,67,,66,66,,28,58,5,62,58,21,43,13,43,88,76,,,,,,23,139,37
1105,551,76,111,30,112,93,,,112,98,,93,103,58,110,107,,,,,,,,,,,,46,597,76
2050,122,47,82,21,97,89,94,,88,87,,56,82,17,75,77,24,46,19,55,101,76,,,,,,25,147,55
2052,100,48,98,15,92,101,90,,96,99,,61,105,15,84,94,30,66,13,48,112,85,,,,,,25,125,58
2053,171,67,102,26,101,109,,,102,109,,91,111,54,109,111,38,57,24,63,117,,,,,,,25,197,67
2054,113,30,62,18,92,61,90,,73,61,,21,55,12,72,62,2,48,8,33,84,73,,,,,,21,135,34
2055,124,54,94,23,103,83,74,,97,79,,51,79,19,81,79,31,58,10,37,95,82,,,,,,18,142,59
1106,270,70,99,30,113,96,,,105,98,,85,95,56,108,102,,,,,,,,,,,,45,315,70
2065,99,43,91,16,94,85,96,,92,89,,44,87,20,91,88,23,52,18,58,109,92,,,,,,23,122,53
1107,260,74,109,31,122,112,,,115,111,,70,81,50,100,90,,,,,,52,,,,,,44,304,74
2071,90,18,66,9,83,67,76,,73,/,,10,66,3,72,67,22,56,9,45,101,85,,,,,,5,96,27
2077,110,46,89,15,87,97,87,,88,94,,59,88,15,76,81,21,44,15,48,93,82,,,,,,24,134,54
2078,145,75,132,29,121,133,121,,130,137,,102,139,57,121,132,33,54,22,59,111,125,,,,,,24,170,75
2079,103,61,119,25,119,97,94,,120,101,,60,98,30,99,98,30,63,19,59,119,85,,,,,,24,128,69
1108,224,72,106,28,105,96,,,106,96,,85,95,46,96,95,,,,,,107,,,,,,44,269,73
2082,111,32,67,14,83,56,71,,73,58,,25,55,9,68,59,22,46,12,42,89,76,,,,,,25,136,42
2086,138,64,107,23,99,119,94,97,103,117,96,83,113,35,94,104,,,,,,101,,,,,,24,162,64
2088,118,58,103,17,88,110,89,86,97,109,87,61,91,22,85,87,,,,,,88,,,,,,21,139,62
2089,109,42,83,18,94,75,71,,87,76,,45,74,12,72,72,29,58,16,51,108,85,,,,,,23,133,52
1109,202,75,116,31,126,117,,,122,114,,91,103,50,100,102,,,,,,107,,,,,,44,246,76
2098,97,24,69,9,77,63,76,,72,60,,18,63,5,57,58,18,44,8,40,86,82,,,,,,23,120,38
2099,122,49,86,15,82,80,79,94,84,81,85,49,76,16,74,74,,,,,,88,,,,,,20,142,54
1011,151,57,87,16,76,94,,,81,91,,69,92,21,88,90,37,60,18,49,108,95,,,,,,60,211,61
1110,369,77,118,30,111,102,,,116,105,,85,95,48,98,96,,,,,,95,,,,,,44,413,77
2101,125,62,108,25,110,107,103,,109,110,,74,105,35,97,101,32,57,25,73,126,88,,,,,,22,147,64
2102,105,46,91,12,80,81,71,,87,83,,51,89,10,73,80,15,36,16,53,90,79,,,,,,23,129,54
2103,77,29,98,16,115,,,,105,,,26,99,17,108,104,,,,,,,,,,,,3,80,29
1111,274,70,99,28,101,84,,,100,90,,50,66,40,90,77,40,53,28,75,124,,,,,,,44,318,70
2110,72,35,114,17,123,,,,119,,,26,102,15,111,107,,,,,,,,,,,,3,76,35
2112,76,10,70,10,103,,,,84,,,1,75,0,74,73,,,,,,,,,,,,3,79,10
2113,77,19,85,9,97,,,,90,,,14,86,2,81,83,,,,,,,,,,,,3,81,27
1112,820,74,109,24,97,,,,103,,,75,85,35,85,84,,,,,,,,,,,,49,869,74
2125,125,7,77,17,86,40,76,,80,49,,27,55,14,71,61,25,46,17,34,83,73,,,,,,22,148,51
1113,844,70,100,25,100,,,,100,,,65,78,34,84,80,,,,,,,,,,,,49,893,70
2131,94,23,69,10,82,,96,94,75,,95,9,60,5,72,64,,,,,,,,,,,,20,115,38
2132,147,57,88,21,90,,104,,88,,,80,103,28,83,93,,,,,,95,,,,,,20,168,57
2133,113,35,70,16,87,78,100,,76,78,,46,75,18,80,76,23,46,12,41,89,107,,,,,,23,136,46
1114,313,76,114,29,104,110,,,111,114,,82,92,61,115,104,51,79,25,60,134,,,,,,,44,358,76
2144,123,63,112,31,142,42,122,,126,66,,79,112,51,118,116,36,67,24,70,132,92,,,,,,20,143,67
2148,116,48,88,10,69,90,80,,80,86,,61,91,12,72,81,24,47,17,51,98,70,,,,,,20,137,55
2149,96,30,77,15,95,66,92,,85,67,,17,61,9,75,66,25,58,13,50,107,92,,,,,,16,112,40
2151,103,44,90,14,87,91,81,,89,90,,46,81,15,80,79,32,70,15,52,119,85,,,,,,22,125,52
2154,98,47,97,18,100,100,127,,98,99,,68,114,40,115,115,27,62,10,44,107,110,,,,,,22,121,55
2159,99,34,80,12,85,67,101,,82,71,,30,75,6,70,71,16,41,20,66,106,82,,,,,,21,120,44
2160,121,37,67,12,73,57,68,,69,58,,30,57,10,66,59,23,44,14,44,89,70,,,,,,18,140,42
2166,115,38,74,12,77,82,92,,75,81,,38,67,4,60,62,28,54,6,30,86,88,,,,,,21,136,46
2170,125,57,97,24,106,85,95,,101,85,,59,85,23,83,83,31,55,18,52,106,95,,,,,,17,143,61
2182,100,46,95,17,97,82,95,,96,83,,46,91,19,89,90,29,64,22,70,129,101,,,,,,20,121,53
2184,77,29,98,19,121,,,,107,,,28,101,12,101,101,,,,,,,,,,,,3,80,29
2187,104,59,114,23,111,134,90,,114,124,,69,109,43,115,113,,,,,,85,,,,,,19,124,62
2188,87,47,110,18,110,107,106,101,110,109,104,47,108,19,103,106,,,,,,116,,,,,,17,104,58
2192,111,54,99,21,101,103,103,,100,103,,81,119,44,112,116,26,53,13,44,97,119,,,,,,21,132,60
2193,136,68,117,25,106,99,114,,114,105,,78,105,50,113,110,27,32,17,48,83,98,,,,,,18,155,71
2198,96,38,87,18,102,81,97,,93,83,,35,79,17,87,82,20,48,10,44,93,95,,,,,,16,113,45
1012,134,52,84,23,99,76,,,90,77,,52,75,31,89,81,31,53,19,53,105,85,,,,,,59,194,55
2208,73,18,91,15,117,,,,101,,,15,91,7,95,93,,,,,,,,,,,,2,76,22
2210,70,33,114,17,125,,,,120,,,24,100,15,111,106,,,,,,,,,,,,3,74,35
2219,136,15,40,,,,,,,,,,,,,,,,,,,,,,,,,20,156,34
2227,104,25,63,10,76,56,73,,68,59,,24,64,12,75,68,21,46,9,38,86,101,,,,,,18,123,32
2239,113,58,107,25,114,113,,,111,113,,74,107,40,107,107,28,54,11,39,92,101,,,,,,18,131,64
2241,70,19,97,12,115,,,,104,,,4,79,8,97,87,,,,,,,,,,,,3,74,21
2242,143,65,107,24,100,,,,104,,,75,95,34,90,92,34,55,22,59,112,73,,,,,,0,144,64
2243,115,50,91,17,89,,,,90,,,45,74,10,69,70,26,51,17,52,102,78,,,,,,1,117,50
2245,131,65,112,21,95,100,80,99,105,102,88,78,110,42,106,108,,,,,,113,,,,,,19,151,67
2250,96,27,73,9,77,74,74,,75,70,,19,63,6,70,65,24,58,2,28,88,76,,,,,,7,103,33
2254,135,41,64,17,83,58,87,,71,58,,42,67,15,69,66,16,31,16,46,80,79,,,,,,16,152,42
2255,119,51,92,22,101,91,95,,95,93,,54,80,28,89,84,29,53,16,49,102,88,,,,,,19,138,56
2262,77,21,88,10,100,,,,93,,,9,84,9,99,91,,,,,,,,,,,,3,81,28
2271,73,27,104,12,112,,,,108,,,25,101,9,99,100,,,,,,,,,,,,3,77,28
2274,115,58,105,23,106,107,92,,106,109,,67,98,39,106,102,17,46,22,45,92,85,,,,,,19,134,63
2278,107,47,92,12,80,95,113,,87,96,,59,97,9,71,83,32,67,20,62,125,19,,,,,,15,123,53
2279,107,48,93,15,87,121,117,,91,113,,63,102,25,93,97,33,69,19,59,124,98,,,,,,15,123,56
2293,77,26,94,15,113,,,,101,,,22,95,12,101,98,,,,,,,,,,,,3,81,26
1013,98,51,104,23,115,110,,,109,106,,45,89,31,104,96,31,70,16,56,123,85,,,,,,60,158,65
2302,72,25,102,11,110,,,,105,,,16,92,8,97,94,,,,,,,,,,,,3,76,25
2304,88,47,109,20,115,91,92,,111,93,,36,98,15,97,97,29,70,15,59,125,101,,,,,,20,108,54
2338,108,51,97,19,97,114,110,,97,105,,62,92,27,57,73,20,42,15,48,91,85,,,,,,10,118,54
2344,118,64,116,23,105,112,113,,112,112,,63,94,27,91,92,25,50,22,64,112,82,,,,,,17,136,69
2345,137,63,105,25,106,98,109,,106,93,,71,95,33,91,93,32,54,20,55,108,79,,,,,,17,154,65
2351,149,63,100,19,85,99,92,,93,100,,82,106,42,98,102,37,60,21,55,113,107,,,,,,19,168,63
2353,100,33,77,16,94,74,93,,83,78,,23,69,14,82,74,26,58,9,40,98,95,,,,,,16,117,40
2354,97,36,84,21,110,89,93,,94,89,,43,85,18,88,86,21,50,10,44,94,92,,,,,,16,113,44
2364,109,65,123,27,124,114,112,,125,112,,71,103,37,103,103,29,58,23,68,123,95,,,,,,19,128,71
2365,106,41,83,17,93,79,84,,87,82,,41,76,14,78,76,25,54,11,42,96,92,,,,,,16,122,47
2381,104,53,103,20,103,109,105,,103,106,,66,105,33,103,104,28,59,20,62,118,95,,,,,,19,123,59
2382,70,8,75,6,93,,,,83,,,0,74,0,74,53,,,,,,,,,,,,4,74,8
2383,152,48,69,16,75,73,62,,70,72,,53,75,20,74,73,19,32,6,26,65,79,,,,,,17,169,48
2391,70,21,102,12,116,,,,108,,,15,91,8,97,94,,,,,,,,,,,,3,74,25
2399,98,49,101,18,100,110,89,,100,108,,60,104,18,88,96,33,75,20,66,135,88,,,,,,16,115,58
1014,151,53,79,14,70,88,100,77,74,84,88,63,83,19,73,77,,,,,,,,,,,,45,197,53
2401,68,17,97,6,95,,,,96,,,7,82,3,84,82,,,,,,,,,,,,3,72,21
2406,104,22,58,12,81,57,73,,67,55,,11,55,3,59,55,17,39,9,38,80,67,,,,,,18,122,26
2424,141,67,112,26,109,90,89,,112,94,,64,86,29,87,86,33,55,22,59,112,92,,,,,,18,159,67
2441,129,61,105,25,109,102,111,,107,102,,71,100,41,104,102,32,56,17,49,104,79,,,,,,18,147,65
2443,73,53,132,22,131,,,,133,,,62,141,26,124,134,,,,,,,,,,,,3,77,53
2446,105,36,78,11,78,86,92,,78,91,,44,79,7,68,72,29,61,7,35,96,85,,,,,,9,115,40
2453,142,63,103,27,112,85,86,,107,91,,64,86,42,67,75,36,61,16,46,106,113,,,,,,16,158,63
2454,128,63,108,22,98,87,76,,104,93,,61,88,35,97,92,32,56,22,61,119,82,,,,,,16,145,64
2455,112,36,73,12,78,58,83,,75,60,,24,55,11,70,60,20,41,16,50,92,82,,,,,,15,127,41
2460,77,26,94,16,115,,,,102,,,15,87,11,99,93,,,,,,,,,,,,3,81,26
2467,106,37,79,15,89,78,90,,83,81,,37,72,18,84,77,26,55,15,50,104,110,,,,,,16,123,45
2474,102,46,93,13,85,93,75,,90,91,,53,97,15,84,90,26,58,12,46,103,79,,,,,,18,121,50
2487,109,58,108,20,99,111,110,,104,109,,71,103,31,96,100,29,58,22,65,120,101,,,,,,7,117,58
2490,69,16,96,7,102,,,,98,,,11,86,3,84,84,,,,,,,,,,,,2,71,16
2494,98,37,85,21,109,81,98,,93,83,,33,77,14,82,78,28,64,21,69,129,82,,,,,,5,103,37
1015,108,39,79,16,89,85,,,83,85,,45,74,17,79,75,25,52,11,40,93,76,,,,,,60,168,53
2504,136,62,103,24,102,116,98,,103,109,,78,105,39,98,102,33,56,11,36,93,104,,,,,,18,154,63
2505,76,21,91,11,106,,,,97,,,14,90,9,99,94,,,,,,,,,,,,2,78,22
2516,99,36,82,19,102,71,88,,90,72,,24,70,15,84,76,21,50,20,66,114,85,,,,,,16,115,43
2528,138,65,110,26,109,113,99,,110,114,,72,102,42,102,102,42,76,20,55,127,73,,,,,,18,156,65
2536,114,68,127,26,117,124,99,,125,119,,63,94,38,105,100,36,71,23,67,133,92,,,,,,10,124,71
2537,127,67,118,27,117,124,112,,119,126,,83,118,47,112,116,,,,,,,,,,,,17,145,70
2555,113,65,121,24,111,122,110,,118,130,,81,119,47,116,119,,,,,,101,,,,,,14,127,69
2557,101,62,122,26,123,120,95,,124,120,,72,120,45,120,121,34,75,21,67,136,92,,,,,,15,116,68
2558,99,54,109,26,124,108,115,,115,110,,70,117,26,98,108,,,,,,98,,,,,,14,114,54
2559,129,66,115,29,125,102,99,,121,109,,72,102,45,110,106,33,58,21,58,114,107,,,,,,17,146,68
2561,102,57,112,25,119,120,112,,116,119,,72,112,41,112,113,,,,,,116,,,,,,17,119,63
2564,122,63,112,22,100,91,76,,108,95,,80,113,32,93,103,40,78,21,60,133,113,,,,,,17,140,67
2573,138,75,135,31,135,105,136,,138,114,,88,122,59,129,127,37,63,26,76,134,131,,,,,,14,152,75
2574,143,70,118,26,107,101,118,,115,103,,82,111,47,108,110,38,64,18,50,112,122,,,,,,17,161,70
2584,97,39,87,9,76,96,100,,83,92,,45,89,4,66,76,25,58,16,56,112,92,,,,,,13,111,45
2589,131,63,108,29,125,137,107,,116,131,,90,130,50,120,126,,,,,,110,,,,,,14,146,64
2590,96,59,121,21,111,125,103,,118,121,,62,108,32,106,107,27,62,18,60,119,82,,,,,,16,112,65
2598,96,39,89,6,57,96,,,78,96,,44,87,10,76,81,30,68,20,66,129,92,,,,,,13,110,47
1016,78,35,106,18,119,,,,111,,,17,89,9,99,94,26,75,10,55,126,88,,,,,,60,138,64
2601,105,62,120,28,129,123,103,,125,123,,57,95,38,109,101,33,69,18,57,123,101,,,,,,16,122,66
2607,124,61,106,24,105,118,111,,106,116,,76,107,31,92,100,,,,,,95,,,,,,17,142,64
2609,103,62,120,21,105,120,96,,115,117,,64,106,30,99,103,36,80,18,60,135,95,,,,,,15,119,66
2611,155,71,117,29,119,142,124,,119,140,,91,123,51,110,117,45,79,23,62,135,116,,,,,,14,170,71
2612,121,72,132,30,134,135,110,,136,140,,80,113,50,113,114,39,75,21,60,130,88,,,,,,14,135,75
2614,111,63,118,25,115,106,111,,118,107,,80,117,44,112,115,,,,,,119,,,,,,14,126,67
2618,108,59,111,28,127,128,108,,119,124,,85,126,53,83,105,20,42,18,55,97,113,,,,,,17,126,65
2619,142,64,106,22,95,106,99,,101,103,,79,107,42,102,105,38,64,21,56,117,110,,,,,,17,160,66
2621,116,58,104,17,89,123,112,,98,117,,69,101,30,60,79,18,37,22,63,100,101,,,,,,13,130,61
2630,117,65,119,27,120,104,101,,121,106,,78,115,49,119,118,29,56,22,64,117,110,,,,,,16,134,69
2634,152,72,120,30,125,107,111,,124,113,,82,111,47,105,108,39,63,17,46,108,110,,,,,,16,169,72
2650,152,69,113,27,108,112,123,,112,120,,84,109,59,126,119,,,,,,119,,,,,,17,170,69
2663,99,23,67,9,74,62,82,,70,68,,20,66,0,55,58,19,44,13,48,93,85,,,,,,16,115,34
2665,120,36,68,17,88,58,63,,75,63,,23,55,13,70,60,17,35,16,49,86,70,,,,,,16,136,45
2673,72,24,101,13,114,,,,106,,,9,84,2,81,82,,,,,,,,,,,,3,76,24
2676,75,34,109,12,109,,,,110,,,33,109,5,89,99,,,,,,,,,,,,3,78,34
2682,106,33,72,16,90,74,75,,79,75,,25,65,2,57,59,33,69,17,55,121,82,,,,,,16,122,41
2691,69,20,100,8,105,,,,102,,,4,79,4,87,82,,,,,,,,,,,,3,72,21
2697,125,62,107,29,125,125,113,,116,125,,83,118,49,115,117,36,65,22,62,123,107,,,,,,14,139,64
1017,148,70,117,31,133,107,,,126,110,,90,121,49,107,115,39,64,20,53,115,104,,,,,,60,208,76
2703,108,43,85,14,85,89,107,,85,88,,55,83,13,55,67,15,34,8,34,73,88,,,,,,15,123,50
2704,148,61,96,20,87,110,95,,92,105,,75,95,39,95,95,36,58,24,66,121,76,,,,,,14,162,61
2706,73,25,102,10,107,,,,104,,,22,98,5,89,93,,,,,,,,,,,,3,76,25
2714,76,22,91,13,109,,,,98,,,5,80,7,95,87,,,,,,,,,,,,3,80,22
2715,78,26,94,16,115,,,,102,,,20,93,14,104,98,,,,,,,,,,,,3,81,26
2726,133,52,86,21,94,86,108,,89,85,,56,78,22,78,77,34,58,15,45,102,73,,,,,,16,150,56
2741,85,24,81,13,100,72,83,,89,75,,14,78,11,91,84,25,64,8,45,108,95,,,,,,3,88,24
2750,73,28,104,15,117,,,,109,,,13,89,5,89,88,,,,,,,,,,,,3,76,28
2751,71,21,100,7,99,,,,100,,,12,87,3,84,85,,,,,,,,,,,,3,74,21
2756,75,22,95,12,109,,,,100,,,4,79,11,104,91,,,,,,,,,,,,3,78,22
2762,73,23,99,13,114,,,,105,,,15,91,11,104,97,,,,,,,,,,,,3,76,23
2768,73,16,87,11,108,,,,96,,,4,79,7,95,86,,,,,,,,,,,,2,76,27
2781,98,25,68,9,76,62,67,,72,58,,6,55,4,66,58,9,29,7,38,72,55,,,,,,16,115,33
2790,73,21,97,12,112,,,,103,,,11,86,8,97,91,,,,,,,,,,,,3,76,28
2798,72,31,109,15,118,,,,113,,,25,101,8,97,99,,,,,,,,,,,,3,76,34
2799,100,31,74,9,74,62,102,,75,62,,18,63,6,70,65,17,40,7,36,79,76,,,,,,13,114,38
1018,122,53,91,18,89,97,,,90,96,,61,88,24,84,85,30,55,18,53,107,76,,,,,,59,182,59
2812,69,39,121,18,128,,,,126,,,31,107,18,116,112,,,,,,,,,,,,3,73,39
2815,140,32,45,19,86,68,76,,61,68,,42,67,27,84,74,28,46,14,42,89,67,,,,,,16,157,32
2818,72,16,91,6,90,,,,91,,,2,76,3,84,79,,,,,,,,,,,,3,76,22
2822,142,70,119,26,108,114,110,,116,115,,81,110,53,117,114,40,69,24,67,131,113,,,,,,16,158,70
2837,140,55,87,24,101,95,76,,92,89,,75,100,33,91,95,38,64,17,47,109,92,,,,,,5,146,57
2838,164,59,87,22,90,79,76,,87,80,,58,78,20,73,74,42,68,25,69,132,98,,,,,,5,170,60
2851,109,45,87,21,102,88,70,,93,88,,50,78,19,81,78,30,60,18,55,113,85,,,,,,7,117,49
2854,117,51,92,16,86,93,90,,90,93,,57,86,19,81,83,34,64,16,49,111,79,,,,,,15,133,56
2861,109,32,70,16,90,71,98,,77,69,,29,59,11,70,63,27,55,17,53,107,85,,,,,,16,125,41
2868,70,43,123,15,120,,,,124,,,36,112,19,117,115,,,,,,,,,,,,3,74,43
2869,71,31,111,13,117,,,,114,,,37,113,11,104,109,,,,,,,,,,,,3,74,31
2878,78,49,124,19,121,,,,123,,,41,115,24,118,117,,,,,,,,,,,,3,81,49
2887,77,28,97,15,113,,,,103,,,22,95,11,99,97,,,,,,,,,,,,3,81,31
1019,106,55,105,16,91,93,,,99,95,,44,79,16,81,79,,,,,,,,,,,,51,157,65
2901,71,23,102,11,112,,,,107,,,14,90,5,89,89,,,,,,,,,,,,2,74,25
2916,73,23,98,11,108,,,,102,,,14,90,6,92,91,,,,,,,,,,,,3,77,29
2921,76,50,128,19,123,,,,127,,,59,137,25,123,132,,,,,,,,,,,,3,80,50
2936,70,21,100,12,115,,,,106,,,13,89,6,92,90,,,,,,,,,,,,3,73,21
2939,78,24,92,13,108,,,,98,,,20,93,13,102,97,,,,,,,,,,,,3,81,24
2940,74,17,89,8,99,,,,93,,,7,82,2,81,81,,,,,,,,,,,,3,77,17
2946,99,40,88,16,95,97,110,,91,97,,55,99,16,85,92,27,60,21,67,123,95,,,,,,14,113,47
2951,80,29,93,15,109,,,,99,,,26,99,8,95,97,,,,,,,,,,,,3,84,29
2964,69,18,97,10,111,,,,103,,,12,87,8,97,92,,,,,,,,,,,,3,73,21
2966,83,59,132,25,131,,,,132,,,62,126,36,125,127,,,,,,,,,,,,3,87,59
2967,133,47,76,12,69,74,83,,72,73,,64,86,16,71,77,34,58,8,31,90,119,,,,,,15,148,48
2968,109,15,41,14,85,58,86,,57,59,,20,55,11,70,60,16,36,13,44,83,82,,,,,,15,124,15
2998,114,52,95,20,98,99,125,,96,97,,62,92,18,80,85,31,60,20,58,116,110,,,,,,10,124,57
1002,150,64,102,23,96,97,87,100,100,96,93,63,83,34,90,86,,,,,,101,,,,,,26,176,67
1020,105,62,119,28,128,111,,,124,111,,75,117,43,115,117,27,57,17,55,110,110,,,,,,58,164,70
1201,110,54,99,23,107,90,75,,103,91,,55,83,31,96,89,,,,,,82,,,,,,42,153,61
3010,133,52,85,19,89,,,,86,,,55,77,20,74,74,29,50,18,51,101,64,,,,,,1,134,52
1203,93,44,97,18,104,84,67,,99,88,,32,89,16,94,91,,,,,,82,,,,,,42,136,61
1205,108,58,110,20,100,129,113,97,107,124,107,88,131,43,111,122,,,,,,116,,,,,,34,142,65
3069,97,36,83,10,79,79,95,,82,78,,33,77,5,68,71,31,70,15,54,121,73,,,,,,6,104,38
1207,104,33,74,11,79,88,94,,76,88,,45,80,13,77,77,22,48,12,44,93,92,,,,,,40,144,34
1208,97,62,125,24,119,122,102,126,124,125,113,73,121,39,114,119,,,,,,92,,,,,,30,128,70
1021,111,68,128,24,112,142,115,116,123,136,117,86,129,39,106,119,,,,,,,,,,,,44,156,71
1211,136,55,89,22,96,75,79,,91,76,,62,84,20,76,79,,,,,,82,,,,,,42,178,59
1213,114,26,56,8,62,48,64,,57,50,,21,55,0,55,53,28,54,11,39,94,73,,,,,,36,151,26
3130,99,33,78,14,89,81,82,,82,81,,38,82,18,88,84,21,48,19,61,108,95,,,,,,7,106,38
1214,149,41,57,20,87,72,70,,69,71,,53,75,23,77,75,28,46,23,63,108,85,,,,,,40,190,41
3158,109,47,90,19,97,95,96,,93,94,,57,86,14,75,79,29,58,20,59,115,79,,,,,,6,116,50
3162,136,39,60,14,74,,,,65,,,43,68,15,69,67,23,40,11,36,79,79,,,,,,1,137,39
1217,124,69,124,32,150,119,120,122,138,124,122,90,130,51,118,125,,,,,,,,,,,,34,158,69
3170,105,56,107,21,104,115,96,,107,111,,74,115,38,109,113,29,61,7,35,96,98,,,,,,4,110,57
3176,110,47,89,16,88,79,94,,89,82,,32,62,19,81,70,23,48,16,51,99,82,,,,,,6,117,49
1218,160,55,80,26,104,85,65,102,90,86,81,68,85,24,76,79,,,,,,73,,,,,,26,186,55
1219,119,56,98,26,115,93,114,94,105,99,105,54,82,31,96,88,,,,,,92,,,,,,36,155,62
3192,110,47,89,18,93,69,66,,91,74,,37,66,16,77,70,26,53,11,40,94,79,,,,,,5,116,49
3196,142,54,84,17,80,89,86,,82,86,,61,82,20,76,78,26,43,14,42,87,79,,,,,,5,148,55
1022,114,54,97,17,89,92,,,94,89,,55,83,23,86,84,18,38,10,37,79,104,,,,,,57,171,61
3203,139,61,99,20,89,114,88,,95,110,,69,92,28,86,88,33,55,12,38,94,82,,,,,,6,146,61
3204,142,40,59,18,84,56,67,,68,55,,41,67,27,84,74,34,56,17,47,102,73,,,,,,6,148,40
3209,102,27,66,8,67,60,59,,67,57,,20,58,4,61,57,17,40,10,42,84,70,,,,,,7,110,31
1221,119,40,74,15,83,86,86,,77,83,,41,70,9,68,67,31,58,20,57,113,76,,,,,,40,160,52
3230,106,43,87,13,83,86,92,,85,82,,51,89,6,66,76,24,52,9,38,91,101,,,,,,3,109,45
3234,137,42,64,15,76,,,,68,,,41,68,17,72,68,25,43,19,53,96,85,,,,,,0,138,42
3235,94,28,75,17,100,84,96,,85,83,,26,71,16,90,79,15,40,10,45,87,98,,,,,,6,100,32
3237,110,57,106,16,89,84,68,,98,87,,52,80,27,91,85,26,53,11,40,94,82,,,,,,4,114,59
3247,106,48,93,17,93,95,90,,93,94,,61,99,23,90,94,24,52,19,59,109,82,,,,,,4,111,50
1225,139,53,84,19,87,77,70,,85,81,,59,80,18,73,75,23,40,14,42,82,79,,,,,,40,180,55
3250,99,21,60,11,81,,,,69,,,11,56,6,71,61,23,54,14,52,105,64,,,,,,1,101,20
3251,101,24,63,15,91,59,76,,74,60,,19,65,11,78,70,26,58,13,48,105,85,,,,,,6,108,25
3252,84,28,88,14,103,76,93,,94,82,,19,83,9,88,85,23,60,11,51,109,92,,,,,,6,90,34
3254,104,33,73,15,89,73,84,,79,75,,34,71,11,74,71,32,67,20,62,125,79,,,,,,3,108,36
3263,127,60,102,23,101,92,106,,102,93,,47,74,26,86,79,32,56,12,39,95,98,,,,,,5,133,64
1227,137,55,88,24,101,77,92,103,93,80,97,62,84,24,81,82,,,,,,107,,,,,,35,172,57
3279,113,42,80,17,90,80,96,,84,79,,51,79,10,69,73,24,48,11,39,89,79,,,,,,5,118,44
1228,113,60,111,25,114,108,106,96,113,110,102,74,107,49,119,114,,,,,,122,,,,,,26,140,66
3283,118,50,89,14,80,,,,85,,,49,77,16,77,76,23,45,15,46,92,82,,,,,,1,120,50
1023,152,58,89,25,102,95,88,91,94,93,89,69,88,24,78,82,,,,,,,,,,,,41,194,59
3305,135,36,56,15,77,,,,63,,,33,59,14,68,62,25,44,13,41,87,1,,,,,,1,137,26
3307,142,15,40,7,42,,,,40,,,11,55,0,55,53,12,25,17,47,76,45,,,,,,1,144,18
1231,151,64,102,22,92,106,95,112,97,106,102,76,97,26,80,88,,,,,,,,,,,,46,198,67
3311,106,26,62,12,91,,,,73,,,16,55,6,66,58,20,44,21,65,108,82,,,,,,1,107,30
3314,121,17,40,10,67,,,,45,,,5,55,6,60,55,19,37,5,27,57,55,,,,,,1,123,20
3317,102,40,85,15,90,,,,87,,,41,84,15,84,83,17,40,16,54,94,64,,,,,,2,104,43
1232,109,39,79,10,72,,,,76,,,38,67,11,70,67,,,,,,,,,,,,17,126,46
3320,133,50,81,17,83,,,,81,,,44,69,15,69,67,22,40,20,55,95,73,,,,,,2,136,50
3327,138,50,79,20,90,,,,83,,,55,77,35,94,85,21,37,8,31,73,79,,,,,,1,140,50
1233,109,52,98,19,97,108,93,,98,105,,66,97,27,91,94,31,62,,,,88,,,,,,29,138,59
1234,134,47,76,14,75,82,63,80,75,81,69,57,79,12,65,71,,,,,,67,,,,,,39,173,53
3340,115,46,93,14,87,,,,91,,,42,71,21,84,76,31,60,14,45,104,88,,,,,,1,116,50
3347,96,40,90,17,99,,,,94,,,46,91,19,89,90,23,54,14,52,105,104,,,,,,1,97,40
3348,105,57,109,22,107,,,,109,,,60,98,19,85,91,27,57,10,40,97,88,,,,,,1,107,54
1235,106,40,82,11,77,83,70,74,80,84,70,49,84,12,75,78,,,,,,73,,,,,,39,146,55
3353,122,61,107,24,106,,,,102,,,61,88,34,96,92,36,67,14,44,109,110,,,,,,2,124,62
1236,91,28,79,9,81,69,71,,81,70,,25,82,2,69,74,18,48,7,41,90,95,,,,,,38,130,46
1237,96,25,71,18,102,65,83,89,83,60,84,16,60,12,79,68,,,,,,,,,,,,48,144,47
1238,632,76,112,26,98,,,,106,,,91,101,51,100,101,,,,,,,,,,,,48,681,76
3391,168,44,85,15,86,,,,86,,,36,65,14,75,68,30,60,18,55,113,76,,,,,,2,170,55
1024,89,27,79,14,97,77,,,87,78,,22,79,11,87,82,22,56,16,59,113,85,,,,,,57,147,52
1240,121,45,80,16,84,,,,81,,,27,55,6,60,55,,,,,,,,,,,,16,137,49
1241,140,61,99,29,123,118,77,,110,118,,76,102,46,107,105,44,80,19,52,128,88,,,,,,33,173,67
1242,377,76,112,27,97,,,,106,,,91,101,42,92,96,,,,,,,,,,,,49,426,76
1243,254,60,80,19,74,,,,76,,,81,91,35,85,87,,,,,,,,,,,,49,304,60
1244,349,76,112,26,94,,,,105,,,96,106,53,103,105,,,,,,,,,,,,46,396,76
1245,457,78,123,32,128,,,,127,,,104,118,65,127,124,,,,,,,,,,,,46,504,78
1246,274,74,109,30,110,93,,,110,96,,96,106,60,113,110,40,53,27,71,121,,,,,,,45,320,74
1247,136,61,101,24,102,97,124,,102,97,,74,99,38,97,98,34,57,14,42,99,110,,,,,,40,176,61
1248,144,57,89,24,99,86,75,82,93,86,77,68,87,34,90,88,,,,,,107,,,,,,39,184,59
1025,110,64,121,27,123,100,94,88,123,106,91,77,113,44,112,113,,,,,,,,,,,,45,155,74
1250,151,64,102,27,110,94,85,,106,97,,80,103,44,101,102,37,61,16,45,105,107,,,,,,41,192,67
1251,225,71,103,26,97,125,,,101,120,,91,101,44,94,97,,,,,,92,,,,,,44,269,71
1254,94,39,91,13,91,84,85,,92,87,,48,103,14,85,94,33,77,15,55,128,95,,,,,,36,130,54
1255,232,72,105,28,104,,,,105,,,105,121,54,104,113,,,,,,,,,,,,49,281,72
1256,371,77,118,32,129,,,,124,,,108,130,63,123,128,,,,,,,,,,,,46,417,77
1257,683,63,86,21,87,,,,87,,,49,65,18,67,64,,,,,,,,,,,,49,733,63
1026,114,36,71,18,92,84,112,95,79,82,105,39,68,14,75,70,,,,,,,,,,,,41,155,47
1260,230,70,101,32,134,,,,116,,,97,107,56,108,108,,,,,,,,,,,,49,279,70
1261,97,56,114,20,107,112,112,,112,108,,61,105,28,101,103,29,66,22,72,133,98,,,,,,13,111,61
1262,342,72,101,24,87,90,,,94,92,,65,78,24,73,74,44,59,22,52,109,,,,,,,40,383,72
1263,119,56,99,22,102,101,76,,100,101,,68,100,29,94,97,39,77,19,55,128,88,,,,,,35,154,61
1266,258,73,106,22,83,,,,96,,,90,100,29,77,88,,,,,,,,,,,,49,308,73
1267,100,45,94,19,102,89,72,79,97,91,73,40,83,12,79,80,,,,,,73,,,,,,26,127,54
1027,100,44,92,23,113,98,,,99,99,,59,103,30,103,103,,,,,,107,,,,,,57,158,59
1270,71,19,98,9,108,,91,,102,,,,,,,,16,51,4,43,94,67,,,,,,40,111,52
1273,122,50,88,23,103,89,97,,94,89,,63,90,33,95,92,,,,,,,,,,,,41,164,57
1274,121,42,75,17,87,48,67,,79,52,,15,55,16,74,63,27,50,16,49,99,76,,,,,,37,158,51
1275,122,58,100,22,99,76,73,99,100,77,84,45,72,21,80,75,,,,,,70,,,,,,26,149,63
1278,104,19,52,8,66,,95,,58,,,9,55,7,68,59,20,44,7,35,82,85,,,,,,41,146,19
1028,114,52,95,15,84,93,,,91,93,,56,85,19,81,82,25,50,15,47,97,76,,,,,,57,171,57
1280,116,40,75,15,84,67,75,,78,68,,30,60,12,72,64,34,64,14,45,108,76,,,,,,28,145,50
1283,71,15,91,9,93,,110,,92,,,,,,,,,,,,,101,,,,,,41,112,49
1285,94,48,107,13,94,116,96,,102,111,,56,110,17,96,103,26,64,17,61,122,,,,,,,40,135,64
1289,183,67,99,27,103,100,,,101,105,,81,94,44,95,94,43,67,24,62,125,,,,,,,24,207,67
1029,103,31,71,13,84,72,,,76,70,,15,55,8,70,60,,,,,,,,,,,,51,155,47
1294,426,73,102,27,96,105,,,99,102,,82,92,29,77,84,45,59,25,62,118,,,,,,,41,467,73
1297,537,73,101,27,97,98,,,100,102,,98,108,54,104,106,41,53,23,56,108,,,,,,,41,579,73
1298,95,47,99,15,95,106,103,,98,103,,53,97,17,87,92,19,46,16,56,102,85,,,,,,40,136,60
1003,132,60,99,25,106,107,,,102,103,,76,102,27,84,93,36,62,23,64,123,,,,,,,62,195,67
1030,103,50,98,14,87,85,,,94,88,,41,76,20,86,80,30,68,12,48,114,88,,,,,,56,159,62
1304,152,66,106,24,98,93,109,,103,97,,77,98,36,92,95,42,70,17,46,114,70,,,,,,40,193,72
1305,416,67,89,21,79,72,,,84,78,,76,86,28,76,80,,,,,,,,,,,,41,457,67
1306,118,15,40,6,42,,40,,40,,,3,55,,,,15,33,8,33,71,73,,,,,,40,159,34
1031,105,44,88,17,93,89,,,90,89,,49,84,18,84,83,18,41,10,40,84,85,,,,,,55,161,57
1310,108,35,76,19,98,75,93,79,84,79,86,34,71,19,85,77,,,,,,79,,,,,,26,134,47
1311,92,26,76,8,77,79,80,,77,75,,26,75,1,62,67,19,48,7,39,89,92,,,,,,39,132,47
1312,651,72,100,24,92,99,,,97,98,,64,77,34,84,79,50,70,24,62,128,,,,,,,38,689,72
1313,286,75,111,29,105,120,,,109,119,,107,127,65,127,129,44,61,23,54,113,,,,,,,40,327,75
1319,116,65,120,27,121,144,114,,122,138,,74,107,41,108,108,,,,,,98,,,,,,34,150,72
1032,109,48,91,15,86,91,,,89,90,,58,87,12,72,78,,,,,,,,,,,,51,161,59
1320,273,73,106,31,119,120,,,112,125,,97,107,58,110,109,46,65,22,52,115,,,,,,,41,314,73
1323,129,51,85,,,81,93,,,83,,65,93,24,84,88,42,97,18,52,127,88,,,,,,36,166,55
1329,101,52,104,27,127,91,97,,114,95,,34,78,25,97,87,32,70,17,56,123,98,,,,,,40,141,63
1033,120,49,87,22,100,77,,,92,78,,61,88,31,92,90,,,,,,,,,,,,51,171,60
1330,253,76,117,27,98,90,,,110,90,,89,99,41,91,95,43,59,23,54,111,,,,,,,40,293,76
1333,292,55,90,17,83,114,67,,87,109,,75,100,25,82,91,31,53,18,51,103,88,,,,,,36,329,55
1334,219,53,66,22,84,59,,,72,62,,53,71,19,70,69,48,78,20,49,123,,,,,,,37,256,53
1034,113,46,86,18,92,73,,,88,76,,35,64,18,80,71,,,,,,76,,,,,,55,169,56
1340,134,69,119,27,115,110,115,,119,113,,73,97,43,103,100,41,75,25,72,141,73,,,,,,28,163,70
1345,180,61,87,20,81,91,,,84,88,,75,88,28,79,83,38,56,23,58,112,,,,,,,22,203,61
1035,130,57,96,19,90,86,99,107,93,87,103,64,91,29,90,90,,,,,,79,,,,,,25,156,61
1355,101,53,106,21,108,99,104,90,107,103,98,59,103,32,106,105,,,,,,85,,,,,,26,127,61
1356,151,18,40,,,40,51,,,40,,8,55,0,55,53,,,7,28,,61,,,,,,39,191,34
1357,131,49,80,25,107,63,80,91,90,67,84,42,67,20,76,70,,,,,,85,,,,,,26,158,55
1036,147,68,113,30,124,103,109,120,119,112,116,82,106,53,114,111,,,,,,,,,,,,41,188,69
1365,117,50,90,19,94,91,90,,91,92,,70,102,28,92,97,22,44,11,39,85,113,,,,,,22,140,58
1366,117,49,89,20,96,87,72,,92,91,,66,97,32,97,97,26,50,16,49,99,116,,,,,,22,140,57
1369,239,69,98,31,120,109,,,108,115,,96,106,55,106,106,38,51,23,55,105,,,,,,,40,279,69
1037,110,45,87,16,89,83,89,83,87,82,85,51,79,16,77,77,,,,,,76,,,,,,27,138,55
1374,175,49,63,23,91,64,,,73,66,,52,72,22,73,71,36,52,19,48,100,,,,,,,25,201,49
1375,136,60,99,26,110,93,96,,104,93,,71,95,40,99,97,33,56,15,44,100,110,,,,,,39,175,67
1377,84,27,85,14,102,72,115,,92,75,,23,87,11,91,88,18,50,14,57,106,101,,,,,,39,124,50
1378,131,73,131,31,138,122,103,123,137,124,113,93,134,58,129,133,,,,,,,,,,,,31,162,73
1379,90,62,132,30,147,113,98,,138,118,,66,123,41,123,124,23,58,18,63,118,95,,,,,,34,124,72
1038,151,49,72,15,73,95,76,,72,90,,51,73,16,70,70,24,40,5,25,71,101,,,,,,53,205,49
1382,95,46,99,19,105,95,95,,101,97,,62,108,29,102,105,25,58,7,38,96,104,,,,,,33,129,58
1383,97,53,109,20,107,120,93,,109,116,,81,132,32,106,120,22,52,16,56,107,98,,,,,,36,134,64
1384,96,54,111,20,108,110,110,,110,109,,68,114,26,98,106,26,60,12,48,107,88,,,,,,38,135,65
1387,107,60,114,21,103,95,77,93,110,93,83,53,91,21,88,89,,,,,,79,,,,,,26,134,62
1388,111,54,100,19,96,93,76,,98,93,,67,98,19,81,89,29,58,8,34,93,92,,,,,,38,149,63
1393,89,23,75,10,90,73,82,,81,69,,11,67,6,78,71,24,60,9,45,104,,,,,,,39,128,45
1396,138,68,115,26,108,98,115,110,113,99,110,80,108,41,100,104,,,,,,98,,,,,,36,174,68
1004,83,17,,5,,,,,,,,,,,,,13,41,12,55,96,,,,,,,61,145,NaN
1040,113,48,90,16,88,91,91,,89,90,,58,87,20,82,84,28,54,15,47,100,79,,,,,,53,166,59
1403,132,39,64,10,64,77,73,,63,75,,50,73,7,60,65,19,35,11,37,76,70,,,,,,36,168,42
1041,70,21,101,6,93,78,108,,98,79,,,,,,,18,55,8,51,105,116,,,,,,53,124,58
1416,134,64,109,22,97,114,96,,104,109,,83,113,43,103,108,37,64,22,61,122,88,,,,,,39,174,64
1042,79,12,69,6,80,,91,,73,,,,,,,,14,47,8,51,98,92,,,,,,53,133,44
1420,134,49,78,20,91,56,61,62,83,57,59,47,71,17,72,70,,,,,,73,,,,,,26,161,54
1423,134,33,50,18,85,52,75,74,64,49,73,32,58,12,65,59,,,,,,76,,,,,,26,161,35
1427,152,51,75,17,78,78,65,,76,79,,59,79,17,71,74,36,57,15,42,99,67,,,,,,36,188,57
1428,111,34,71,11,75,69,88,,72,70,,33,63,4,60,59,19,41,17,53,94,76,,,,,,36,147,47
1429,111,37,76,14,84,73,70,,79,72,,39,68,12,72,68,19,42,14,46,89,76,,,,,,33,144,48
1043,136,56,91,18,85,85,81,,89,86,,61,82,18,73,76,28,47,18,51,98,88,,,,,,53,189,59
1436,121,55,97,20,95,91,86,,96,87,,65,93,17,75,83,27,50,13,42,93,79,,,,,,36,157,61
1044,134,60,99,24,103,84,64,87,101,87,73,65,87,29,87,86,,,,,,70,,,,,,26,161,61
1440,115,39,76,14,82,77,80,,78,75,,42,71,5,62,65,30,58,13,43,101,67,,,,,,36,151,53
1441,98,25,69,16,96,66,107,,80,62,,13,57,10,76,65,31,70,21,69,134,70,,,,,,34,132,44
1045,137,66,112,29,121,76,67,76,117,82,70,76,102,46,107,105,,,,,,88,,,,,,25,162,67
1459,197,76,122,30,116,127,,,121,128,,95,108,57,109,109,54,80,27,75,148,,,,,,,22,219,76
1046,158,59,89,28,111,57,61,82,98,68,70,42,65,17,70,66,,,,,,64,,,,,,25,183,59
1047,123,51,89,22,100,109,114,,93,105,,75,106,32,93,100,30,55,20,57,110,107,,,,,,53,176,59
1476,137,42,67,13,72,76,73,,68,71,,57,79,13,67,72,29,49,13,40,90,76,,,,,,34,171,45
1048,117,56,100,24,109,87,80,,104,91,,54,82,27,91,86,23,46,15,47,94,98,,,,,,53,171,63
1483,243,73,107,30,112,101,,,110,104,,83,93,58,110,102,45,63,21,50,111,,,,,,,37,281,73
1486,129,45,75,13,74,68,58,83,74,67,68,47,74,11,67,69,,,,,,85,,,,,,36,165,51
1488,104,49,97,16,92,116,115,96,95,108,107,75,117,26,94,106,,,,,,101,,,,,,18,122,55
1489,97,36,84,14,91,81,94,,87,81,,28,73,11,78,75,22,52,7,46,98,85,,,,,,36,133,52
1049,176,58,81,21,85,96,84,80,82,90,81,66,81,24,74,76,,,,,,101,,,,,,26,203,60
1494,408,78,125,30,108,116,,,120,115,,83,93,59,112,103,48,66,24,58,121,,,,,,,33,441,78
1496,98,48,100,15,93,98,78,,98,98,,40,83,8,73,77,29,66,19,63,125,67,,,,,,39,137,61
1499,136,39,60,10,61,67,70,,59,64,,32,58,6,59,56,25,43,11,36,82,67,,,,,,38,175,39
1005,139,67,113,23,99,97,116,116,108,99,118,77,103,49,111,107,,,,,,,,,,,,44,183,69
1050,144,61,97,27,110,85,62,,103,82,,70,89,38,94,91,29,47,21,56,102,,,,,,,53,197,68
1503,93,34,85,11,86,78,86,80,86,79,81,34,82,11,82,81,22,54,7,39,94,88,,,,,,36,130,51
1509,136,57,93,20,91,97,104,,92,95,,79,107,36,95,101,43,64,17,49,111,95,,,,,,36,172,58
1051,105,38,80,20,101,75,74,70,88,76,71,36,72,18,84,77,,,,,,,,,,,,48,154,55
1512,265,73,106,26,94,102,,,101,106,,96,106,53,103,105,46,65,18,44,108,,,,,,,37,302,73
1517,96,21,64,9,77,63,83,,70,52,,9,55,5,68,59,20,48,15,54,102,67,,,,,,37,134,41
1052,112,43,82,17,90,80,96,88,85,79,92,47,76,11,70,72,,,,,,,,,,,,27,140,51
1521,154,62,98,24,97,96,81,,97,98,,67,86,36,92,88,40,65,21,55,117,92,,,,,,37,191,62
1526,111,31,65,19,96,57,58,,77,59,,23,55,12,72,62,31,60,11,39,99,82,,,,,,36,148,37
1053,91,41,95,15,98,82,99,,96,83,,35,91,6,78,84,27,66,10,47,111,101,,,,,,52,144,57
1533,145,46,69,13,69,74,68,,68,73,,65,84,10,62,72,27,44,15,43,85,64,,,,,,37,183,48
1054,116,57,103,22,102,84,95,,103,87,,42,71,18,80,74,27,53,22,64,115,76,,,,,,52,169,63
1541,169,74,121,29,114,99,,,119,103,,78,93,52,106,100,34,51,14,39,91,,,,,,,23,193,74
1543,156,59,90,20,86,85,82,,88,83,,65,83,20,73,77,36,57,22,58,113,92,,,,,,36,193,59
1546,129,46,77,13,74,81,66,,75,80,,61,88,21,80,83,28,50,14,43,94,70,,,,,,36,166,53
1547,102,70,137,31,150,114,112,,145,118,,72,120,46,121,122,30,66,14,50,114,107,,,,,,36,138,70
1549,99,39,87,15,92,83,90,,89,87,,36,80,4,66,72,21,48,6,34,84,92,,,,,,36,136,53
1055,143,54,83,18,83,85,81,90,83,81,85,65,87,24,81,83,,,,,,,,,,,,46,190,60
1056,99,45,95,19,102,99,113,,98,98,,62,108,27,100,104,22,52,9,42,94,110,,,,,,53,152,57
1561,125,53,92,23,103,88,92,,96,88,,50,77,22,81,78,30,54,18,52,105,76,,,,,,36,161,59
1057,150,56,86,13,67,93,69,90,77,86,78,64,83,12,64,72,,,,,,67,,,,,,38,188,56
1578,132,69,121,23,100,111,76,109,113,109,89,80,108,31,89,98,,,,,,95,,,,,,25,158,74
1058,83,28,89,16,109,85,96,,97,87,,24,94,13,98,96,18,51,16,63,112,107,,,,,,52,136,55
1582,115,43,82,17,90,74,43,,85,76,,49,77,13,73,74,34,66,14,45,109,73,,,,,,36,151,55
1584,105,41,86,11,79,78,92,,83,78,,38,73,7,68,69,23,50,6,33,85,82,,,,,,36,141,54
1587,330,69,95,32,126,83,,,109,93,,80,90,54,104,97,36,41,19,46,97,,,,,,,36,366,69
1589,141,46,70,17,81,90,81,,74,87,,72,96,15,69,82,38,65,16,46,109,70,,,,,,33,174,50
1059,120,56,99,20,96,98,104,,98,96,,62,89,27,87,87,26,49,20,57,105,98,,,,,,52,172,67
1590,154,41,55,12,63,,,,57,,,49,72,7,60,64,,,,,,,,,,,,14,169,41
1591,92,33,86,10,85,71,97,,86,72,,27,84,6,78,80,16,42,7,39,84,85,,,,,,35,127,52
1592,595,66,89,23,88,81,,,89,82,,55,72,19,70,69,48,65,25,65,126,,,,,,,35,631,66
1593,89,24,75,12,90,,73,,81,,,10,75,4,78,75,22,56,14,55,109,,,,,,,35,124,43
1594,110,67,126,23,108,125,109,,120,123,,73,106,50,120,114,41,80,18,55,130,101,,,,,,36,146,67
1595,570,69,94,28,101,97,,,97,97,,92,102,51,100,101,43,56,19,50,105,,,,,,,35,606,69
1599,293,75,111,28,100,93,,,107,96,,74,84,39,89,86,41,54,25,60,112,,,,,,,35,328,75
1060,105,66,127,30,138,110,,,134,115,,68,108,52,125,117,29,61,21,65,123,119,,,,,,51,156,71
1606,134,50,81,12,69,95,103,,75,91,,60,81,14,68,73,36,62,20,55,117,82,,,,,,30,165,58
1061,110,61,114,26,118,117,94,,117,115,,75,109,38,105,107,36,73,16,51,121,119,,,,,,48,158,62
1610,139,63,104,22,96,133,117,,100,126,,87,120,32,90,105,36,60,20,54,112,104,,,,,,35,174,65
1611,111,26,58,13,81,69,104,,66,70,,23,55,10,69,60,19,39,14,45,86,60,,,,,,35,146,26
1617,99,23,65,10,80,61,80,,71,54,,17,61,10,76,67,38,80,12,48,124,82,,,,,,34,134,37
1618,96,40,90,20,94,95,86,,96,94,,52,96,19,89,92,32,73,15,54,123,85,,,,,,30,127,52
1062,128,54,91,25,109,80,,,98,83,,63,90,29,90,90,36,64,25,73,132,85,,,,,,50,179,59
1622,134,53,87,25,100,91,95,,92,94,,64,86,36,95,90,29,51,14,43,94,73,,,,,,34,169,60
1623,105,58,113,23,111,88,80,,113,95,,45,80,20,86,82,33,69,22,68,132,92,,,,,,16,121,65
1629,120,48,85,22,101,85,74,,91,83,,61,88,24,84,85,29,53,11,38,92,85,,,,,,35,155,55
1063,97,40,91,13,90,81,,,91,83,,27,72,11,78,74,27,62,21,69,127,95,,,,,,50,147,59
1630,133,59,98,26,111,78,90,,103,85,,64,86,28,86,85,27,47,20,55,102,76,,,,,,34,168,62
1631,104,46,93,18,97,97,94,,94,97,,62,101,28,97,99,25,54,12,44,98,92,,,,,,34,139,58
1638,103,53,103,24,114,95,110,,108,97,,64,103,29,98,101,23,50,19,59,108,104,,,,,,16,119,58
1639,99,48,99,18,100,100,80,,99,102,,55,99,26,98,98,28,64,21,69,129,92,,,,,,32,131,60
1064,118,66,120,27,120,160,135,122,122,158,133,97,138,58,131,136,,,,,,,,,,,,44,163,72
1640,112,49,91,23,107,85,84,,96,83,,55,83,20,82,82,29,56,22,64,117,79,,,,,,34,147,59
1642,110,18,43,14,84,52,73,,60,41,,7,55,8,66,58,19,41,11,40,84,58,,,,,,34,145,32
1647,119,53,94,21,99,95,112,,96,96,,66,97,28,92,94,34,64,16,49,111,79,,,,,,30,150,60
1065,153,66,106,24,98,100,80,,103,101,,72,91,35,91,91,32,50,21,55,104,76,,,,,,48,202,72
1651,142,62,100,21,91,115,95,,96,109,,78,105,22,78,91,41,71,20,54,122,82,,,,,,34,177,63
1652,114,55,100,20,97,93,93,,99,98,,67,98,28,92,95,34,66,18,54,117,98,,,,,,33,148,63
1653,108,63,119,25,116,,,,119,,,71,103,43,111,107,,,,,,79,,,,,,3,111,64
1654,97,47,100,18,102,91,94,,101,90,,58,102,16,60,80,29,66,18,60,123,85,,,,,,10,108,54
1655,113,64,119,26,117,106,113,,120,114,,77,111,46,107,110,32,62,27,80,136,110,,,,,,33,146,70
1656,104,47,95,22,109,79,103,,99,84,,42,77,29,98,87,28,59,18,57,114,98,,,,,,33,138,57
1657,124,60,105,27,118,109,100,,111,,,68,96,45,110,103,34,63,17,51,112,101,,,,,,33,158,65
1658,124,58,99,19,91,94,100,,96,94,,60,87,21,80,83,37,67,20,56,120,79,,,,,,33,158,61
1066,109,50,96,20,100,84,82,98,97,84,88,45,74,14,75,73,,,,,,,,,,,,41,150,61
1662,681,66,91,23,91,84,,,91,83,,71,82,22,72,76,44,57,14,42,99,,,,,,,34,716,66
1663,142,58,93,23,98,96,88,,95,98,,77,103,31,89,96,42,76,18,38,114,104,,,,,,31,173,58
1664,107,21,54,14,85,54,78,,66,56,,,,13,73,,29,61,9,38,99,79,,,,,,33,140,38
1067,127,58,98,22,98,105,81,,98,102,,78,110,30,91,101,37,69,14,44,113,107,,,,,,46,173,62
1673,114,48,89,19,95,96,89,,91,96,,61,91,23,86,88,38,76,18,54,126,110,,,,,,31,146,57
1675,126,46,79,21,97,75,75,,86,73,,43,69,13,70,68,33,59,25,73,128,73,,,,,,32,158,53
1678,134,42,67,13,72,71,65,,68,70,,45,70,10,66,66,29,50,18,51,101,58,,,,,,34,169,45
1679,101,35,80,13,86,68,87,,82,72,,25,70,8,73,70,29,64,8,38,102,82,,,,,,31,132,49
1068,129,52,87,14,76,81,81,,82,81,,64,91,18,76,83,29,51,20,56,105,82,,,,,,45,175,60
1069,102,38,83,16,93,97,97,,87,95,,44,87,14,82,84,26,58,10,42,100,85,,,,,,45,148,54
1690,411,70,95,26,93,87,,,94,83,,71,82,24,73,76,38,45,15,39,86,,,,,,,34,445,70
1699,NaN,66,110,27,111,121,,,111,115,,83,113,40,99,106,37,62,20,54,114,98,,,,,,58,NaN,75
1007,72,26,103,13,114,95,,,108,102,,23,99,13,108,104,19,57,14,63,117,,,,,,,61,134,62
1070,129,54,91,19,90,99,90,90,98,97,106,66,94,21,80,86,,,,,,,,,,,,41,170,59
1700,NaN,6,56,3,59,77,,,57,69,,,,,,,16,49,8,49,98,,,,,,,48,NaN,26
1701,109,62,118,23,109,90,90,,115,96,,56,85,31,96,90,9,26,17,53,82,95,,,,,,33,143,70
1702,96,41,92,20,107,96,87,,97,94,,55,99,22,93,96,15,39,9,42,84,98,,,,,,25,122,53
1706,113,47,89,14,83,75,82,,87,79,,41,70,10,69,68,20,41,10,37,81,73,,,,,,33,147,57
1707,116,54,97,20,97,91,90,,97,94,,63,94,22,85,89,32,60,21,60,117,88,,,,,,32,149,61
1708,96,39,89,19,105,79,87,91,95,83,87,30,75,15,84,78,,,,,,82,,,,,,21,118,49
1709,443,76,112,29,103,106,,,109,102,,87,97,47,97,97,50,70,24,59,125,,,,,,,33,476,76
1071,120,49,86,17,87,64,103,,86,66,,30,57,20,79,66,16,33,12,40,77,95,,,,,,45,166,56
1710,131,51,84,20,92,86,71,,87,83,,53,80,17,75,76,30,53,18,52,104,79,,,,,,33,164,55
1714,232,72,105,31,121,107,,,113,107,,80,90,41,91,90,43,61,24,58,117,,,,,,,33,266,72
1716,127,41,71,14,78,65,80,,73,66,,49,76,15,73,73,24,45,16,48,94,85,,,,,,33,160,47
1718,123,42,75,14,79,85,77,,76,84,,36,63,10,66,63,30,55,19,55,109,82,,,,,,33,156,51
1072,117,37,70,15,83,63,77,65,75,65,70,35,64,2,57,58,,,,,,,,,,,,26,143,46
1724,123,59,103,22,100,98,88,,102,97,,67,95,29,90,92,27,50,16,49,99,98,,,,,,32,155,63
1725,106,37,79,7,60,86,87,,72,84,,44,79,3,59,67,24,52,11,42,94,88,,,,,,33,139,50
1726,115,65,120,22,103,108,99,,114,111,,71,103,34,100,102,34,64,13,42,105,101,,,,,,32,148,72
1727,96,55,113,20,107,109,86,,112,106,,67,113,20,91,102,33,75,10,44,117,88,,,,,,32,129,65
1073,131,59,98,20,92,88,86,,95,89,,75,106,33,95,101,29,51,13,41,93,119,,,,,,45,176,62
1736,271,76,116,32,128,172,,,122,130,,108,130,65,127,130,,,,,,,,,,,,32,304,76
1739,98,31,78,13,90,73,89,,83,72,,19,65,3,64,63,15,39,7,38,80,76,,,,,,32,131,49
1074,144,34,46,16,77,45,50,87,57,47,66,31,56,12,64,58,,,,,,,,,,,,42,186,34
1742,108,48,93,18,95,87,77,,94,89,,52,80,18,80,79,32,64,18,55,117,76,,,,,,31,140,58
1743,308,78,128,32,127,122,,,129,119,,108,130,65,127,130,,,,,,,,,,,,32,340,78
1744,104,31,70,14,86,68,83,,77,70,,31,69,7,68,67,18,41,16,53,94,85,,,,,,13,118,37
1747,107,50,96,18,95,105,95,,96,101,,63,94,20,82,87,23,48,17,53,101,82,,,,,,32,140,60
1748,115,41,79,16,87,90,87,,82,91,,53,81,28,92,86,26,51,14,45,96,82,,,,,,32,147,52
1749,145,55,85,24,100,82,78,,91,85,,58,79,22,75,76,33,54,12,37,92,70,,,,,,29,174,55
1075,124,46,80,16,83,90,,,81,88,,59,85,17,75,79,24,45,20,56,101,88,,,,,,59,184,55
1750,171,60,87,25,97,80,,,91,82,,70,84,35,87,85,39,60,18,46,105,,,,,,,26,197,61
1753,146,65,106,22,94,99,90,,101,105,,82,106,44,101,104,40,67,25,71,133,88,,,,,,31,177,66
1754,114,53,97,23,107,114,97,,101,106,,63,94,27,91,92,38,76,21,61,132,84,,,,,,29,144,61
1755,102,54,107,21,107,91,93,,107,91,,52,96,31,104,100,22,50,17,56,105,98,,,,,,31,133,64
1756,90,43,99,17,104,86,85,,100,85,,31,88,12,88,87,26,64,17,61,122,88,,,,,,29,120,56
1757,139,66,111,30,128,94,113,,120,100,,69,92,41,100,96,31,52,19,53,105,95,,,,,,31,170,66
1758,130,61,104,21,95,114,77,,100,111,,69,98,25,85,91,42,79,19,54,129,92,,,,,,29,159,65
1076,112,45,85,19,95,72,,,89,76,,29,59,18,80,68,,,,,,85,,,,,,58,170,55
1762,96,68,137,23,117,121,105,,131,122,,66,112,36,110,112,26,60,19,63,120,88,,,,,,32,128,70
1763,136,70,121,29,122,128,89,120,123,127,102,76,102,56,123,113,,,,,,101,,,,,,17,153,74
1077,124,48,82,19,91,91,,,85,90,,65,93,25,85,88,20,38,21,59,97,85,,,,,,58,183,55
1770,316,77,121,31,117,120,,,121,124,,105,121,63,123,123,,,,,,,,,,,,32,349,77
1771,368,77,119,30,109,122,,,116,119,,103,115,59,112,114,,,,,,,,,,,,32,401,77
1773,103,45,92,14,88,99,95,,91,99,,51,89,11,74,81,22,50,18,58,107,95,,,,,,31,134,56
1775,96,60,122,25,123,114,93,,123,114,,64,110,42,117,114,31,70,13,50,117,101,,,,,,31,128,68
1078,111,42,81,19,95,67,,,86,69,,23,55,13,73,62,,,,,,76,,,,,,57,169,58
1780,119,50,89,17,88,93,92,,89,91,,61,91,25,89,90,26,50,17,51,101,110,,,,,,32,151,58
1783,120,55,97,22,101,88,88,,99,90,,44,70,13,70,68,31,57,19,55,110,70,,,,,,32,152,61
1788,97,57,116,19,104,145,110,,112,136,,57,101,32,106,104,32,73,21,69,136,95,,,,,,31,129,64
1079,92,40,94,18,105,88,,,98,88,,33,90,14,91,90,,,,,,92,,,,,,55,148,59
1793,189,48,59,19,78,68,,,65,71,,54,73,28,79,75,33,43,19,47,91,,,,,,,25,215,48
1794,102,41,88,13,86,86,94,,88,85,,39,74,12,79,75,22,52,18,60,110,79,,,,,,30,132,52
1797,98,29,74,15,93,73,93,,82,74,,28,73,10,76,73,11,32,18,60,93,82,,,,,,24,122,41
1798,116,48,88,18,91,84,97,,89,85,,30,60,17,79,68,29,56,22,64,117,79,,,,,,30,147,57
1799,146,64,104,27,111,78,41,,107,82,,73,92,45,68,79,38,63,22,59,119,61,,,,,,29,176,65
1008,159,53,77,15,71,79,77,79,73,85,77,65,83,22,74,77,,,,,,,,,,,,46,205,53
1080,113,51,94,24,110,93,,,100,95,,53,81,26,90,85,,,,,,95,,,,,,55,169,60
1802,115,45,85,22,103,87,83,,92,87,,49,77,16,77,76,24,48,18,54,102,76,,,,,,30,146,55
1803,102,61,120,22,109,40,43,,117,74,,70,110,44,116,114,22,50,16,54,104,107,,,,,,31,134,66
1806,222,44,48,12,55,71,,,49,70,,66,79,32,82,79,21,28,4,20,57,,,,,,,31,253,44
1807,138,53,85,19,88,97,82,,86,95,,62,84,16,71,76,28,47,19,53,100,79,,,,,,29,167,55
1081,109,57,107,22,105,95,75,93,107,96,82,63,94,27,91,92,,,,,,92,,,,,,27,136,64
1810,139,66,111,22,96,90,91,,105,125,,87,120,44,104,113,40,70,22,60,126,98,,,,,,31,170,66
1817,96,25,69,11,83,67,77,,75,63,,,,,,,16,41,10,44,87,79,,,,,,27,124,38
1818,146,70,118,26,107,116,105,,115,119,,93,127,59,126,128,39,65,22,59,121,101,,,,,,30,176,70
1819,105,31,70,12,80,67,65,,74,69,,29,68,8,70,67,7,25,7,35,66,67,,,,,,31,137,46
1082,136,66,112,22,97,119,98,108,106,116,102,83,113,48,110,112,,,,,,,,,,,,27,163,67
1820,105,37,79,16,91,82,73,,84,86,,32,69,17,82,74,18,41,16,53,94,79,,,,,,31,137,50
1823,147,68,113,23,96,,,,106,,,77,98,39,95,96,,,,,,,,,,,,-1,147,68
1827,125,57,97,23,103,109,117,,99,107,,82,117,39,102,110,31,55,21,59,112,92,,,,,,31,157,61
1083,112,50,93,22,104,86,74,95,97,88,82,47,76,24,87,81,,,,,,,,,,,,26,138,57
1830,96,55,125,17,110,119,108,,120,119,,71,130,20,104,118,25,64,19,68,128,101,,,,,,28,125,70
1839,132,74,133,29,125,121,101,,132,127,,97,136,57,125,132,38,66,18,51,115,116,,,,,,31,163,74
1084,159,54,78,25,99,77,75,67,86,76,70,62,82,28,81,81,,,,,,79,,,,,,38,197,54
1841,99,43,92,20,106,97,100,,97,95,,57,101,23,95,98,22,52,10,44,96,92,,,,,,28,127,53
1843,98,38,86,11,83,84,79,,85,86,,34,78,3,64,69,22,52,10,44,98,73,,,,,,30,128,52
1846,123,71,128,32,154,127,104,,142,128,,75,106,50,116,112,41,80,20,57,132,101,,,,,,28,152,71
1085,131,57,95,21,95,92,75,,95,93,,61,88,25,85,86,,,,,,76,,,,,,53,185,67
1852,102,42,88,23,113,93,88,,96,96,,47,82,15,80,80,35,77,24,80,157,85,,,,,,30,133,55
1853,127,41,70,9,61,83,61,,65,81,,58,84,4,58,69,25,46,10,36,84,85,,,,,,30,157,50
1856,108,40,82,9,70,87,81,,78,86,,50,78,9,68,72,18,39,14,46,87,75,,,,,,27,136,51
1857,108,44,96,9,95,105,95,,96,101,,56,85,6,63,73,21,44,14,46,91,79,,,,,,27,136,57
1858,135,64,108,25,107,116,116,,108,113,,75,100,37,96,98,37,63,27,79,136,76,,,,,,30,166,64
1086,117,53,95,20,96,94,118,,95,95,,66,97,27,91,94,27,53,20,58,109,98,,,,,,43,161,57
1860,96,31,79,11,84,71,87,,81,71,,27,72,12,79,74,18,44,8,40,86,88,,,,,,23,119,45
1862,96,52,108,24,120,116,112,,113,116,,70,117,34,108,113,25,58,18,60,116,92,,,,,,30,127,63
1865,96,35,85,15,95,65,79,,89,73,,32,76,11,78,76,16,41,9,42,85,82,,,,,,23,120,48
1087,125,70,125,28,122,140,,,126,141,,85,121,54,123,123,42,80,24,69,142,116,,,,,,60,186,70
1872,97,15,53,8,73,63,77,,62,,,0,55,0,55,53,24,56,20,66,119,73,,,,,,29,126,35
1875,140,54,86,18,87,90,110,,86,89,,75,100,50,113,107,24,41,10,34,79,,,,,,,29,170,56
1876,137,66,111,25,105,110,113,103,109,109,110,72,102,41,100,101,,,,,,,,,,,,20,158,66
1878,100,37,83,8,70,85,95,,79,85,,25,70,10,76,72,21,48,8,38,88,82,,,,,,29,130,47
1879,120,45,81,11,71,81,,71,77,80,,56,82,13,70,75,23,44,10,36,83,73,,,,,,30,150,54
1088,209,66,94,25,94,,,,94,,,90,100,37,87,93,47,74,24,58,128,,,,,,,47,256,66
1880,119,18,40,7,53,44,66,,42,40,,0,55,4,60,55,15,32,11,39,75,73,,,,,,29,148,18
1888,132,52,85,21,94,69,53,,88,73,,55,77,19,74,74,27,47,21,58,104,67,,,,,,25,157,55
1089,207,57,75,19,77,93,,,75,87,,82,92,33,83,87,,,,,,,,,,,,45,252,58
1896,99,23,64,9,74,73,72,,69,67,,18,63,4,66,63,25,56,8,27,85,58,,,,,,29,129,39
1897,120,36,66,11,71,67,80,,67,67,,37,63,12,69,64,23,44,10,36,83,79,,,,,,29,149,36
1009,151,53,78,16,75,69,40,67,76,73,50,61,81,24,78,78,,,,,,61,,,,,,37,189,54
1090,266,74,109,29,107,,,,109,,,101,112,49,99,106,,,,,,,,,,,,50,316,74
1902,98,18,58,12,88,62,66,,70,54,,7,55,2,62,56,23,54,9,42,96,,,,,,,19,117,26
1903,155,34,40,13,66,56,51,,49,54,,28,55,7,60,55,,,,,,67,,,,,,19,175,34
1906,112,16,40,6,45,50,71,,41,40,,,,,,,3,20,0,20,45,70,,,,,,28,141,15
1091,253,58,75,18,72,,,,73,,,71,82,20,71,75,,,,,,,,,,,,50,304,58
1911,142,48,73,19,86,77,72,85,78,75,77,52,74,16,71,71,,,,,,79,,,,,,24,167,50
1917,112,58,107,18,93,88,112,,101,89,,60,90,23,86,87,29,56,22,64,117,92,,,,,,28,141,64
1918,132,51,85,12,70,80,98,,78,80,,66,88,17,72,79,19,35,18,51,88,95,,,,,,28,161,55
1092,508,75,107,28,102,,,,105,,,88,98,43,93,95,,,,,,,,,,,,50,559,75
1920,121,41,73,12,73,60,77,,73,60,,28,55,3,56,53,22,43,12,40,85,76,,,,,,26,147,48
1922,97,18,57,7,65,62,99,,61,52,,0,55,3,64,57,22,52,10,44,96,79,,,,,,15,113,23
1923,79,31,97,14,108,90,80,,101,93,,21,94,12,101,97,22,59,15,61,117,98,,,,,,22,102,49
1928,119,37,68,9,63,65,81,,66,65,,27,55,11,67,59,31,57,18,53,109,73,,,,,,28,148,45
1093,262,74,109,27,99,,,,105,,,87,97,38,88,92,,,,,,,,,,,,50,312,74
1930,126,60,103,19,91,130,117,,98,125,,69,98,39,102,100,35,63,19,54,106,95,,,,,,24,151,63
1931,96,62,126,23,116,129,114,,123,121,,71,119,35,109,115,,,,,,,,,,,,21,117,67
1933,138,35,53,17,82,58,62,,64,58,,32,58,13,67,60,35,59,16,46,104,73,,,,,,28,166,35
1934,96,20,63,13,90,63,74,,73,60,,15,55,9,71,61,19,42,13,46,89,82,,,,,,11,108,25
1939,134,54,89,22,97,86,94,,92,85,,63,85,28,86,85,24,43,14,43,88,85,,,,,,27,161,59
1094,432,77,117,26,94,,,,107,,,102,113,65,127,121,,,,,,,,,,,,50,482,77
1941,139,42,64,15,76,70,73,,68,68,,32,58,17,72,63,28,46,19,52,98,76,,,,,,28,167,42
1945,187,67,99,24,92,91,,,96,91,,78,91,30,81,85,39,56,25,65,118,,,,,,,23,210,69
1946,113,41,80,15,85,87,89,89,81,88,88,52,80,11,70,74,,,,,,95,,,,,,22,136,49
1095,231,69,99,26,97,,,,98,,,92,102,51,100,101,,,,,,,,,,,,49,280,70
1951,112,47,88,15,85,90,90,98,86,87,94,41,70,17,79,73,,,,,,79,,,,,,24,136,55
1952,109,36,75,13,82,82,75,95,77,79,83,37,66,6,63,63,,,,,,70,,,,,,24,134,48
1953,117,26,54,9,65,47,63,,57,49,,18,55,1,55,53,20,40,9,35,79,76,,,,,,28,145,38
1955,116,32,63,22,102,59,95,97,78,58,96,21,55,15,76,64,,,,,,79,,,,,,25,141,32
1956,120,20,40,7,51,,45,,43,,,,,,,,11,26,9,34,66,64,,,,,,26,146,18
1958,96,45,97,20,107,104,102,,100,101,,66,112,31,104,108,22,52,10,44,96,107,,,,,,28,125,56
1096,501,76,111,29,106,,,,109,,,82,92,45,95,93,,,,,,,,,,,,49,551,76
1960,111,37,75,20,98,77,81,103,84,81,90,34,63,16,77,68,,,,,,70,,,,,,21,133,45
1961,113,46,86,20,98,75,86,97,91,77,90,53,81,20,82,81,,,,,,98,,,,,,21,135,52
1964,112,38,75,16,88,83,73,,80,80,,40,69,11,70,68,28,54,12,41,95,76,,,,,,27,139,48
1969,110,46,88,17,91,85,77,,89,86,,58,87,13,73,79,20,42,13,44,88,76,,,,,,26,136,55
1097,569,75,107,30,113,,,,110,,,81,91,39,89,90,,,,,,,,,,,,48,618,75
1970,88,26,80,12,94,82,77,,86,60,,25,82,5,76,78,20,52,7,41,92,80,,,,,,27,115,41
1975,102,20,57,6,52,60,83,,55,52,,10,55,5,63,57,19,44,7,36,83,85,,,,,,9,112,23
1978,119,51,90,17,87,83,89,,89,84,,46,73,18,76,73,24,46,12,40,88,71,,,,,,18,137,58
1979,139,44,69,13,71,74,69,,69,71,,60,81,14,68,73,23,40,12,38,81,88,,,,,,27,167,48
1098,537,78,123,30,112,,,,120,,,63,77,40,90,83,,,,,,,,,,,,47,584,78
1980,112,39,76,19,95,71,85,,83,74,,37,66,19,81,72,22,46,11,40,88,88,,,,,,23,136,47
1981,100,20,60,6,54,63,80,69,58,61,73,7,55,8,73,62,,,,,,46,,,,,,23,123,39
1988,110,45,86,14,83,100,115,,85,98,,59,88,16,77,82,30,60,20,59,117,88,,,,,,27,138,54
1099,322,76,113,31,120,,,,117,,,95,105,61,115,111,,,,,,,,,,,,46,368,76
1995,187,60,83,22,86,84,,,84,86,,61,77,28,79,77,36,51,28,78,125,,,,,,,26,213,60
