record_id,visit_age,wj_lwid_raw,wj_lwid_ss,wj_wa_raw,wj_wa_ss,wj_srf_ss,wj_mff_ss,wj_calc_ss,wj_brs,wj_rf,wj_mcs,twre_swe_raw,twre_swe_ss,twre_pde_raw,twre_pde_ss,twre_index,wasi_vocab_raw,wasi_vocab_ts,wasi_mr_raw,wasi_mr_ts,wasi_fs2,MonthsSinceTesting,agenow,wj_lwid_raw_adj
23,153,52,76,19,83,75,91,79,78,73,85,64,83,21,74,77,28,44,18,48,93,7,161,53
36,122,61,107,25,110,98,110,101,109,99,107,70,99,39,102,101,35,65,24,70,130,9,131,64
38,122,68,122,26,113,99,93,94,120,106,93,74,105,45,110,108,33,61,20,57,116,8,131,68
40,133,47,75,18,86,88,78,67,79,83,72,52,75,19,74,73,30,53,7,30,85,9,143,48
41,141,63,103,27,111,84,87,114,107,89,98,63,85,26,83,83,37,62,23,63,122,7,148,63
42,185,69,104,23,90,110,99,107,98,109,103,88,103,36,87,95,43,66,27,75,135,6,192,65
50,82,40,107,12,101,109,91,102,105,112,96,58,122,15,101,112,29,76,12,55,127,4,87,48
51,123,64,114,23,104,125,84,104,110,122,92,74,105,42,106,106,38,72,24,70,136,4,127,62
67,91,46,104,15,99,106,89,97,102,103,91,41,97,11,87,92,25,62,10,47,108,6,98,51
69,141,60,97,24,101,86,94,87,99,88,91,66,88,33,91,89,28,46,21,56,102,8,150,61
70,141,57,90,20,89,94,80,86,89,93,82,68,91,32,90,90,31,51,18,50,101,8,150,58
71,90,33,87,15,99,80,82,91,92,81,84,19,76,12,88,81,10,33,8,43,79,8,99,39
79,101,60,119,27,128,101,89,88,124,105,88,65,111,46,121,117,25,56,19,61,115,8,109,63
80,118,53,94,15,83,94,88,85,89,92,86,56,85,17,79,81,17,36,18,53,90,8,126,54
85,154,67,108,24,98,103,94,111,104,100,101,80,103,47,105,104,34,53,20,53,105,6,161,64
87,130,52,87,22,98,80,105,93,91,79,99,52,79,21,80,78,27,48,20,56,103,5,136,53
94,149,65,105,23,96,73,95,94,101,79,94,60,80,29,84,81,34,54,20,53,106,8,157,65
99,106,62,119,25,117,91,107,95,119,97,102,75,117,46,118,119,19,42,21,65,106,8,115,64
100,85,50,117,17,110,94,125,110,114,96,120,35,97,18,101,99,17,48,7,43,92,8,93,59
105,118,24,49,11,71,45,52,56,57,40,51,18,55,1,55,53,23,45,13,42,89,8,127,30
107,113,53,96,17,90,96,95,98,94,94,96,58,87,18,80,83,22,45,20,58,102,6,120,54
108,142,45,68,19,86,65,57,61,74,67,57,43,68,14,68,66,34,56,17,47,102,5,148,45
111,140,59,95,22,96,98,97,112,95,98,104,70,93,36,95,94,35,58,19,52,109,8,148,57
112,109,57,107,24,112,99,104,105,110,100,104,76,111,43,111,112,23,48,9,36,86,8,118,58
114,290,,,,,,,,,,,101,112,59,112,113,41,55,27,71,123,8,299,NaN
119,236,,,,,,,,,,,79,89,54,104,96,40,55,27,73,124,6,243,NaN
120,304,,,,,,,,,,,85,95,49,99,97,42,56,25,60,114,8,313,NaN
123,365,,,,,,,,,,,97,107,54,104,106,44,58,20,49,106,7,372,NaN
124,362,,,,,,,,,,,98,108,63,123,116,52,79,27,70,142,8,371,NaN
131,169,54,75,14,66,104,107,108,70,95,108,69,83,9,62,71,37,56,25,69,122,5,175,51
132,145,54,84,13,69,95,103,106,77,93,105,71,90,18,72,80,35,57,21,56,111,5,150,55
136,296,,,,,,,,,,,106,124,58,110,118,46,65,20,48,111,7,303,NaN
142,297,,,,,,,,,,,105,121,58,110,116,48,72,29,78,143,8,305,NaN
143,325,,,,,,,,,,,98,108,56,108,108,49,71,25,60,127,7,332,NaN
146,315,,,,,,,,,,,96,106,55,106,106,47,65,22,52,115,4,320,NaN
152,275,,,,,,,,,,,82,92,44,94,93,42,57,23,54,109,3,278,NaN
153,344,,,,,,,,,,,108,130,57,109,121,52,80,24,57,132,5,349,NaN
157,316,,,,,,,,,,,84,94,59,112,103,48,68,23,54,119,5,322,NaN
161,95,50,106,16,97,93,78,79,102,94,76,40,,11,,,22,54,13,51,104,6,102,53
163,260,,,,,,,,,,,67,80,41,91,85,41,55,22,52,106,5,266,NaN
165,335,,,,,,,,,,,98,108,66,130,120,48,68,22,52,117,5,340,NaN
167,288,,,,,,,,,,,108,130,59,112,122,49,77,24,57,129,5,293,NaN
173,128,45,76,19,90,80,85,100,81,79,92,53,80,24,84,81,32,56,13,41,97,6,134,47
183,332,,,,,,,,,,,107,127,43,93,111,43,57,25,60,115,4,337,NaN
188,292,,,,,,,,,,,100,111,51,100,106,44,61,22,52,111,7,300,NaN
210,126,58,99,18,88,100,88,102,94,95,94,68,96,22,81,88,36,65,17,50,113,6,132,60
211,215,75,115,29,108,,,,113,,,108,130,59,112,122,49,80,25,62,136,-2,214,68
212,170,67,103,27,105,,,,104,,,92,113,47,99,106,42,67,22,56,120,-1,169,63
215,86,52,118,17,109,104,89,96,115,106,91,61,120,23,107,114,20,54,18,65,117,5,91,56
219,117,58,104,23,105,90,114,121,105,92,118,57,86,26,90,87,35,66,21,60,123,4,122,58
223,98,56,113,25,122,,101,99,117,,100,70,117,37,111,115,33,75,11,46,118,3,102,58
224,109,39,79,6,46,82,104,74,66,80,90,46,75,0,55,63,14,33,9,36,74,6,115,41
226,111,46,88,19,96,89,107,92,91,88,100,57,86,17,79,82,23,48,20,59,106,4,115,49
230,115,44,83,19,94,85,93,93,87,84,92,46,75,15,76,74,28,54,17,52,105,5,121,47
245,107,38,80,20,101,82,89,100,88,83,94,26,66,20,86,75,26,55,13,46,101,4,112,42
258,135,56,92,19,88,85,72,87,90,88,77,62,84,32,90,86,34,58,19,53,109,6,141,56
297,107,42,85,20,101,,92,84,91,,88,43,78,17,82,79,27,57,12,44,101,5,112,45
305,134,69,120,25,107,107,105,116,116,108,111,84,115,55,121,119,29,50,16,47,97,4,138,72
309,121,49,87,18,90,86,98,93,88,81,96,68,96,8,63,78,32,59,19,55,112,4,125,51
323,125,64,113,23,102,96,90,107,109,99,97,67,95,39,102,98,33,59,24,69,124,6,131,65
331,124,65,115,27,116,,92,103,117,,96,64,91,35,97,94,37,67,21,59,123,3,128,66
333,138,48,75,20,90,55,51,97,81,56,71,33,59,13,67,61,27,46,13,40,88,5,144,50
336,128,62,107,26,113,112,104,115,110,107,110,76,107,42,106,107,27,48,25,73,118,5,134,64
339,93,69,141,30,144,131,112,128,143,133,121,72,129,48,129,131,35,80,21,70,143,5,98,NaN
342,126,67,118,20,93,92,86,94,108,93,89,66,94,38,101,97,30,54,16,48,102,5,132,68
343,150,63,100,18,82,101,91,106,92,98,98,71,90,29,84,86,37,60,24,66,123,5,156,63
346,90,24,74,11,88,,,,80,,,24,81,9,84,82,22,56,5,37,94,-2,89,21
348,124,52,90,18,89,75,78,95,89,76,85,44,70,20,79,73,33,59,21,59,116,5,129,52
351,223,,,,,,,,,,,108,130,58,110,121,48,78,24,58,131,5,228,NaN
353,111,51,94,20,98,84,91,77,96,87,84,58,87,30,95,91,25,52,7,33,87,3,115,51
354,119,60,107,24,107,,95,89,108,,92,67,98,34,100,99,25,48,21,60,107,5,124,62
358,111,63,118,31,146,,104,101,132,,103,71,103,45,113,108,31,62,17,53,113,3,115,63
366,118,37,70,17,88,57,68,87,77,58,75,26,56,11,70,61,22,44,15,46,91,5,123,39
367,146,71,120,29,119,,,,121,,,78,100,49,107,104,38,63,18,50,111,-1,146,72
373,76,13,77,6,84,,,,80,,,2,76,0,74,74,,,,,,-1,75,30
374,105,41,86,13,84,,81,88,85,,83,38,73,6,66,68,27,57,8,36,94,5,110,45
416,88,54,118,23,122,,,,120,,,69,127,26,111,120,31,75,19,66,135,-1,87,56
423,248,,,,,,,,,,,95,105,57,109,107,,,,,,4,253,NaN
445,109,49,93,19,97,,,,94,,,65,96,15,76,85,30,60,20,59,117,-1,108,48
446,91,27,77,9,81,,,,79,,,24,81,2,69,74,25,62,12,51,111,-1,90,30
447,148,66,107,24,98,,,,104,,,91,123,42,98,111,36,58,19,51,108,-1,148,64
467,151,58,89,21,89,,,,89,,,62,82,31,86,83,33,53,21,56,108,-1,150,58
469,131,65,111,24,103,,,,109,,,71,100,41,104,102,28,50,19,54,103,-1,131,65
1001,132,,,28,,,,,,,,76,102,54,119,111,35,62,16,47,108,61,193,NaN
1010,112,40,77,13,79,55,,,78,61,,37,66,17,79,71,10,26,18,54,83,59,172,53
1100,380,76,112,26,94,,,,104,,,89,99,34,84,91,,,,,,45,426,76
2001,100,57,114,21,108,108,92,98,112,106,94,65,111,31,104,108,,,,,,21,122,62
1101,238,73,107,31,123,,,,115,,,91,101,45,95,98,,,,,,45,284,74
2011,87,12,55,6,66,,81,,61,,,,,,,,18,48,12,51,99,25,113,12
2012,112,63,117,22,104,105,74,,113,107,,72,105,40,107,106,31,60,18,54,112,25,138,68
2015,97,59,121,21,110,134,114,,117,126,,87,137,36,110,125,29,66,23,76,136,21,118,66
2018,112,51,94,20,98,89,88,,96,93,,58,87,26,90,88,26,51,17,52,102,24,136,59
2019,146,47,71,16,77,84,71,76,73,81,72,62,80,22,75,76,,,,,,24,170,47
1102,420,,,,,,,,,,,,,,,,,,,,,44,464,NaN
2021,96,20,62,14,91,67,88,,74,68,,14,58,5,68,61,21,50,12,48,98,4,100,21
2024,108,45,89,16,90,93,85,,89,91,,49,77,17,79,77,26,53,15,48,101,23,131,54
2025,99,46,96,22,111,78,97,,101,81,,27,72,14,82,76,20,48,18,60,107,25,124,54
1103,247,,,,,,,,,,,,,,,,,,,,,44,292,NaN
2031,149,65,104,26,105,109,82,,105,108,,88,117,43,100,109,40,66,25,71,132,23,172,65
1104,322,75,110,30,112,86,,,111,93,,104,118,57,109,114,,,,,,44,366,75
2041,99,22,64,7,65,64,70,78,65,62,71,13,57,2,62,57,,,,,,21,120,39
2042,96,43,93,16,96,74,79,,95,77,,22,68,9,75,70,20,48,11,46,94,24,121,50
2045,116,33,65,10,69,65,67,,66,66,,28,58,5,62,58,21,43,13,43,88,23,139,37
1105,551,76,111,30,112,93,,,112,98,,93,103,58,110,107,,,,,,44,595,76
2050,122,47,82,21,97,89,94,,88,87,,56,82,17,75,77,24,46,19,55,101,24,146,55
2052,100,48,98,15,92,101,90,,96,99,,61,105,15,84,94,30,66,13,48,112,24,124,58
2053,172,,,,,,,,,,,90,109,52,106,108,,,,,,23,195,NaN
2054,113,30,62,18,92,61,90,,73,61,,21,55,12,72,62,2,48,8,33,84,20,134,34
2055,124,54,94,23,103,83,74,,97,79,,51,79,19,81,79,31,58,10,37,95,17,141,59
1106,270,70,99,30,113,96,,,105,98,,85,95,56,108,102,,,,,,44,314,70
2065,99,43,91,16,94,85,96,,92,89,,44,87,20,91,88,23,52,18,58,109,23,122,53
1107,260,74,109,31,122,112,,,115,111,,70,81,50,100,90,,,,,,43,303,74
2077,110,46,89,15,87,97,87,,88,94,,59,88,15,76,81,21,44,15,48,93,23,133,54
2078,145,75,132,29,121,133,121,,130,137,,102,139,57,121,132,33,54,22,59,111,23,168,75
2079,103,61,119,25,119,97,94,,120,101,,60,98,30,99,98,30,63,19,59,119,23,127,69
1108,225,,,,,,,,,,,,,,,,,,,,,43,268,NaN
2082,111,32,67,14,83,56,71,,73,58,,25,55,9,68,59,22,46,12,42,89,24,135,42
2086,138,64,107,23,99,119,94,97,103,117,96,83,113,35,94,104,,,,,,23,161,64
2088,118,58,103,17,88,110,89,86,97,109,87,61,91,22,85,87,,,,,,21,139,62
2089,109,42,83,18,94,75,71,,87,76,,45,74,12,72,72,29,58,16,51,108,22,132,52
1109,202,75,116,31,126,117,,,122,114,,91,103,50,100,102,,,,,,43,245,76
2091,69,,,,,,,,,,,,,,,,,,,,,17,86,NaN
2098,97,24,69,9,77,63,76,,72,60,,18,63,5,57,58,18,44,8,40,86,22,119,38
2099,122,49,86,15,82,80,79,94,84,81,85,49,76,16,74,74,,,,,,19,141,54
1011,151,57,87,16,76,94,,,81,91,,69,92,21,88,90,37,60,18,49,108,59,210,61
1110,369,77,118,30,111,102,,,116,105,,85,95,48,98,96,,,,,,43,412,77
2101,125,62,108,25,110,107,103,,109,110,,74,105,35,97,101,32,57,25,73,126,22,147,64
2102,105,46,91,12,80,81,71,,87,83,,51,89,10,73,80,15,36,16,53,90,22,128,54
2103,67,,,,,,,,,,,,,,,,,,,,,12,79,NaN
2108,58,,,,,,,,,,,,,,,,,,,,,21,79,NaN
1111,274,70,99,28,101,84,,,100,90,,50,66,40,90,77,40,53,28,75,124,43,317,70
2110,54,,,,,,,,,,,,,,,,,,,,,20,74,NaN
2111,53,,,,,,,,,,,,,,,,,,,,,21,74,NaN
2112,58,,,,,,,,,,,,,,,,,,,,,20,79,NaN
2113,63,,,,,,,,,,,,,,,,,,,,,16,80,NaN
1112,820,74,109,24,97,,,,103,,,75,85,35,85,84,,,,,,48,868,74
2122,51,,,,,,,,,,,,,,,,,,,,,21,73,NaN
2125,125,7,77,17,86,40,76,,80,49,,27,55,14,71,61,25,46,17,34,83,21,146,51
1113,844,70,100,25,100,,,,100,,,65,78,34,84,80,,,,,,47,892,70
2131,94,23,69,10,82,,96,94,75,,95,9,60,5,72,64,,,,,,19,114,38
2132,147,57,88,21,90,,104,,88,,,80,103,28,83,93,,,,,,19,167,57
2133,113,35,70,16,87,78,100,,76,78,,46,75,18,80,76,23,46,12,41,89,21,135,46
1114,313,,,,,,,,,,,,,,,,,,,,,43,357,NaN
2144,123,63,112,31,142,42,122,,126,66,,79,112,51,118,116,36,67,24,70,132,20,143,67
2148,116,48,88,10,69,90,80,,80,86,,61,91,12,72,81,24,47,17,51,98,19,136,55
2149,96,30,77,15,95,66,92,,85,67,,17,61,9,75,66,25,58,13,50,107,15,111,40
2151,103,44,90,14,87,91,81,,89,90,,46,81,15,80,79,32,70,15,52,119,21,124,52
2154,98,47,97,18,100,100,127,,98,99,,68,114,40,115,115,27,62,10,44,107,21,120,55
2159,99,34,80,12,85,67,101,,82,71,,30,75,6,70,71,16,41,20,66,106,18,118,44
2160,121,37,67,12,73,57,68,,69,58,,30,57,10,66,59,23,44,14,44,89,17,139,42
2166,115,38,74,12,77,82,92,,75,81,,38,67,4,60,62,28,54,6,30,86,19,135,46
2170,125,57,97,24,106,85,95,,101,85,,59,85,23,83,83,31,55,18,52,106,16,142,61
2182,100,46,95,17,97,82,95,,96,83,,46,91,19,89,90,29,64,22,70,129,19,120,53
2184,67,,,,,,,,,,,,,,,,,,,,,12,79,NaN
2187,104,59,114,23,111,134,90,,114,124,,69,109,43,115,113,,,,,,18,123,62
2188,87,47,110,18,110,107,106,101,110,109,104,47,108,19,103,106,,,,,,17,104,58
2191,50,,,,,,,,,,,,,,,,,,,,,20,70,NaN
2192,111,54,99,21,101,103,103,,100,103,,81,119,44,112,116,26,53,13,44,97,19,131,60
2193,136,68,117,25,106,99,114,,114,105,,78,105,50,113,110,27,32,17,48,83,18,155,71
2198,96,38,87,18,102,81,97,,93,83,,35,79,17,87,82,20,48,10,44,93,15,112,45
1012,134,52,84,23,99,76,,,90,77,,52,75,31,89,81,31,53,19,53,105,58,193,55
2206,57,,,,,,,,,,,,,,,,,,,,,18,75,NaN
2208,56,,,,,,,,,,,,,,,,,,,,,19,75,NaN
2210,55,,,,,,,,,,,,,,,,,,,,,17,73,NaN
2211,49,,,,,,,,,,,,,,,,,,,,,19,68,NaN
2217,55,,,,,,,,,,,,,,,,,,,,,17,73,NaN
2219,136,15,40,,,,,,,,,,,,,,,,,,,19,155,34
2221,63,,,,,,,,,,,,,,,,,,,,,16,79,NaN
2227,104,25,63,10,76,56,73,,68,59,,24,64,12,75,68,21,46,9,38,86,18,123,32
2239,113,58,107,25,114,113,,,111,113,,74,107,40,107,107,28,54,11,39,92,18,131,64
2241,61,,,,,,,,,,,,,,,,,,,,,12,73,NaN
2243,113,,,,,,,,,,,,,,,,,,,,,2,115,NaN
2245,131,65,112,21,95,100,80,99,105,102,88,78,110,42,106,108,,,,,,18,149,67
2250,96,27,73,9,77,74,74,,75,70,,19,63,6,70,65,24,58,2,28,88,6,102,33
2254,135,41,64,17,83,58,87,,71,58,,42,67,15,69,66,16,31,16,46,80,15,151,42
2255,119,51,92,22,101,91,95,,95,93,,54,80,28,89,84,29,53,16,49,102,17,137,56
2257,60,,,,,,,,,,,,,,,,,,,,,19,80,NaN
2259,62,,,,,,,,,,,,,,,,,,,,,19,82,NaN
2260,57,,,,,,,,,,,,,,,,,,,,,16,74,NaN
2262,67,,,,,,,,,,,,,,,,,,,,,12,79,NaN
2267,59,,,,,,,,,,,,,,,,,,,,,16,75,NaN
2268,132,,,,,,,,,,,,,,,,,,,,,16,148,NaN
2271,56,,,,,,,,,,,,,,,,,,,,,19,75,NaN
2274,115,58,105,23,106,107,92,,106,109,,67,98,39,106,102,17,46,22,45,92,17,133,61
2276,53,,,,,,,,,,,,,,,,,,,,,17,71,NaN
2278,107,47,92,12,80,95,113,,87,96,,59,97,9,71,83,32,67,20,62,125,14,122,51
2279,107,48,93,15,87,121,117,,91,113,,63,102,25,93,97,33,69,19,59,124,14,122,50
2286,58,,,,,,,,,,,,,,,,,,,,,19,78,NaN
2288,56,,,,,,,,,,,,,,,,,,,,,17,73,NaN
2293,61,,,,,,,,,,,,,,,,,,,,,18,80,NaN
2298,60,,,,,,,,,,,,,,,,,,,,,14,75,NaN
1013,98,51,104,23,115,110,,,109,106,,45,89,31,104,96,31,70,16,56,123,59,157,65
2302,57,,,,,,,,,,,,,,,,,,,,,18,75,NaN
2304,88,47,109,20,115,91,92,,111,93,,36,98,15,97,97,29,70,15,59,125,19,107,54
2312,53,,,,,,,,,,,,,,,,,,,,,18,71,NaN
2338,108,51,97,19,97,114,110,,97,105,,62,92,27,57,73,20,42,15,48,91,9,117,54
2344,118,64,116,23,105,112,113,,112,112,,63,94,27,91,92,25,50,22,64,112,16,135,69
2345,137,63,105,25,106,98,109,,106,93,,71,95,33,91,93,32,54,20,55,108,16,153,65
2346,96,,101,15,94,103,102,,98,104,,60,104,23,95,100,24,56,21,69,122,14,110,58
2351,149,63,100,19,85,99,92,,93,100,,82,106,42,98,102,37,60,21,55,113,17,167,63
2353,100,33,77,16,94,74,93,,83,78,,23,69,14,82,74,26,58,9,40,98,15,116,40
2354,97,36,84,21,110,89,93,,94,89,,43,85,18,88,86,21,50,10,44,94,14,112,44
2360,62,,,,,,,,,,,,,,,,,,,,,16,78,NaN
2364,109,65,123,27,124,114,112,,125,112,,71,103,37,103,103,29,58,23,68,123,18,127,67
2365,106,41,83,17,93,79,84,,87,82,,41,76,14,78,76,25,54,11,42,96,15,121,47
2372,53,,,,,,,,,,,,,,,,,,,,,17,70,NaN
2381,104,53,103,20,103,109,105,,103,106,,66,105,33,103,104,28,59,20,62,118,18,122,59
2382,55,,,,,,,,,,,,,,,,,,,,,18,73,NaN
2383,152,48,69,16,75,73,62,,70,72,,53,75,20,74,73,19,32,6,26,65,15,168,48
2391,54,,,,,,,,,,,,,,,,,,,,,18,73,NaN
2399,98,49,101,18,100,110,89,,100,108,,60,104,18,88,96,33,75,20,66,135,15,114,58
1014,151,53,79,14,70,88,100,77,74,84,88,63,83,19,73,77,,,,,,44,196,53
2401,53,,,,,,,,,,,,,,,,,,,,,18,71,NaN
2406,104,22,58,12,81,57,73,,67,55,,11,55,3,59,55,17,39,9,38,80,17,121,26
2412,59,,,,,,,,,,,,,,,,,,,,,17,76,NaN
2424,141,67,112,26,109,90,89,,112,94,,64,86,29,87,86,33,55,22,59,112,17,158,67
2441,129,61,105,25,109,102,111,,107,102,,71,100,41,104,102,32,56,17,49,104,17,146,65
2443,63,,,,,,,,,,,,,,,,,,,,,12,76,NaN
2446,105,36,78,11,78,86,92,,78,91,,44,79,7,68,72,29,61,7,35,96,8,113,40
2451,53,,,,,,,,,,,,,,,,,,,,,17,71,NaN
2453,142,63,103,27,112,85,86,,107,91,,64,86,42,67,75,36,61,16,46,106,15,157,63
2454,128,63,108,22,98,87,76,,104,93,,61,88,35,97,92,32,56,22,61,119,15,143,64
2455,112,36,73,12,78,58,83,,75,60,,24,55,11,70,60,20,41,16,50,92,15,127,41
2460,62,,,,,,,,,,,,,,,,,,,,,17,80,NaN
2467,106,37,79,15,89,78,90,,83,81,,37,72,18,84,77,26,55,15,50,104,15,122,45
2474,102,46,93,13,85,93,75,,90,91,,53,97,15,84,90,26,58,12,46,103,17,120,50
2487,109,58,108,20,99,111,110,,104,109,,71,103,31,96,100,29,58,22,65,120,6,115,58
2490,54,,,,,,,,,,,,,,,,,,,,,17,71,NaN
2494,98,37,85,21,109,81,98,,93,83,,33,77,14,82,78,28,64,21,69,129,5,103,37
1015,108,39,79,16,89,85,,,83,85,,45,74,17,79,75,25,52,11,40,93,58,167,53
2503,58,,,,,,,,,,,,,,,,,,,,,17,75,NaN
2504,136,62,103,24,102,116,98,,103,109,,78,105,39,98,102,33,56,11,36,93,16,153,63
2505,62,,,,,,,,,,,,,,,,,,,,,14,77,NaN
2516,99,36,82,19,102,71,88,,90,72,,24,70,15,84,76,21,50,20,66,114,15,114,43
2528,138,65,110,26,109,113,99,,110,114,,72,102,42,102,102,42,76,20,55,127,16,154,65
2536,114,68,127,26,117,124,99,,125,119,,63,94,38,105,100,36,71,23,67,133,10,124,71
2537,127,67,118,27,117,124,112,,119,126,,83,118,47,112,116,,,,,,16,144,70
2555,113,65,121,24,111,122,110,,118,130,,81,119,47,116,119,,,,,,14,127,69
2557,101,62,122,26,123,120,95,,124,120,,72,120,45,120,121,34,75,21,67,136,15,116,68
2558,99,54,109,26,124,108,115,,115,110,,70,117,26,98,108,,,,,,14,114,54
2559,129,66,115,29,125,102,99,,121,109,,72,102,45,110,106,33,58,21,58,114,15,145,68
2561,102,57,112,25,119,120,112,,116,119,,72,112,41,112,113,,,,,,16,118,63
2563,57,,,,,,,,,,,,,,,,,,,,,16,73,NaN
2564,122,63,112,22,100,91,76,,108,95,,80,113,32,93,103,40,78,21,60,133,16,139,66
2573,138,75,135,31,135,105,136,,138,114,,88,122,59,129,127,37,63,26,76,134,12,151,75
2574,143,70,118,26,107,101,118,,115,103,,82,111,47,108,110,38,64,18,50,112,16,160,70
2584,97,39,87,9,76,96,100,,83,92,,45,89,4,66,76,25,58,16,56,112,13,111,45
2587,61,,,,,,,,,,,,,,,,,,,,,15,77,NaN
2589,131,63,108,29,125,137,107,,116,131,,90,130,50,120,126,,,,,,14,146,64
2590,96,59,121,21,111,125,103,,118,121,,62,108,32,106,107,27,62,18,60,119,15,111,64
2598,96,39,89,6,57,96,,,78,96,,44,87,10,76,81,30,68,20,66,129,13,110,47
1016,78,35,106,18,119,,,,111,,,17,89,9,99,94,26,75,10,55,126,58,137,64
2601,105,62,120,28,129,123,103,,125,123,,57,95,38,109,101,33,69,18,57,123,15,121,66
2607,124,61,106,24,105,118,111,,106,116,,76,107,31,92,100,,,,,,16,140,64
2609,103,62,120,21,105,120,96,,115,117,,64,106,30,99,103,36,80,18,60,135,15,119,66
2611,155,71,117,29,119,142,124,,119,140,,91,123,51,110,117,45,79,23,62,135,14,170,71
2612,121,72,132,30,134,135,110,,136,140,,80,113,50,113,114,39,75,21,60,130,14,135,75
2614,111,63,118,25,115,106,111,,118,107,,80,117,44,112,115,,,,,,14,126,67
2618,108,59,111,28,127,128,108,,119,124,,85,126,53,83,105,20,42,18,55,97,16,124,65
2619,142,64,106,22,95,106,99,,101,103,,79,107,42,102,105,38,64,21,56,117,16,158,66
2621,116,58,104,17,89,123,112,,98,117,,69,101,30,60,79,18,37,22,63,100,12,129,61
2630,117,65,119,27,120,104,101,,121,106,,78,115,49,119,118,29,56,22,64,117,15,132,69
2634,152,72,120,30,125,107,111,,124,113,,82,111,47,105,108,39,63,17,46,108,15,168,72
2650,152,69,113,27,108,112,123,,112,120,,84,109,59,126,119,,,,,,16,169,69
2663,99,23,67,9,74,62,82,,70,68,,20,66,0,55,58,19,44,13,48,93,14,114,34
2665,120,36,68,17,88,58,63,,75,63,,23,55,13,70,60,17,35,16,49,86,15,135,45
2673,59,,,,,,,,,,,,,,,,,,,,,15,75,NaN
2674,51,,,,,,,,,,,,,,,,,,,,,15,66,NaN
2676,61,,,,,,,,,,,,,,,,,,,,,16,77,NaN
2682,106,33,72,16,90,74,75,,79,75,,25,65,2,57,59,33,69,17,55,121,14,121,39
2691,55,,,,,,,,,,,,,,,,,,,,,16,71,NaN
2697,125,62,107,29,125,125,113,,116,125,,83,118,49,115,117,36,65,22,62,123,14,139,64
1017,148,70,117,31,133,107,,,126,110,,90,121,49,107,115,39,64,20,53,115,58,207,76
2703,108,43,85,14,85,89,107,,85,88,,55,83,13,55,67,15,34,8,34,73,14,122,49
2704,148,61,96,20,87,110,95,,92,105,,75,95,39,95,95,36,58,24,66,121,14,162,61
2706,59,,,,,,,,,,,,,,,,,,,,,16,75,NaN
2714,65,,,,,,,,,,,,,,,,,,,,,13,79,NaN
2715,64,,,,,,,,,,,,,,,,,,,,,15,80,NaN
2726,133,52,86,21,94,86,108,,89,85,,56,78,22,78,77,34,58,15,45,102,15,149,56
2732,67,,,,,,,,,,,,,,,,,,,,,14,81,NaN
2741,85,24,81,13,100,72,83,,89,75,,14,78,11,91,84,25,64,8,45,108,3,88,24
2747,64,,,,,,,,,,,,,,,,,,,,,15,79,NaN
2750,63,,,,,,,,,,,,,,,,,,,,,12,76,NaN
2751,57,,,,,,,,,,,,,,,,,,,,,16,73,NaN
2752,66,,,,,,,,,,,,,,,,,,,,,15,81,NaN
2756,65,,,,,,,,,,,,,,,,,,,,,12,77,NaN
2762,59,,,,,,,,,,,,,,,,,,,,,16,75,NaN
2768,58,,,,,,,,,,,,,,,,,,,,,16,75,NaN
2769,54,,,,,,,,,,,,,,,,,,,,,16,71,NaN
2774,64,,,,,,,,,,,,,,,,,,,,,15,79,NaN
2776,63,,,,,,,,,,,,,,,,,,,,,16,79,NaN
2781,98,25,68,9,76,62,67,,72,58,,6,55,4,66,58,9,29,7,38,72,15,113,33
2783,64,,,,,,,,,,,,,,,,,,,,,16,80,NaN
2786,53,,,,,,,,,,,,,,,,,,,,,16,70,NaN
2788,57,,,,,,,,,,,,,,,,,,,,,15,73,NaN
2790,62,,,,,,,,,,,,,,,,,,,,,12,75,NaN
2792,59,,,,,,,,,,,,,,,,,,,,,9,68,NaN
2794,69,,,,,,,,,,,,,,,,,,,,,15,84,NaN
2798,59,,,,,,,,,,,,,,,,,,,,,15,75,NaN
2799,100,31,74,9,74,62,102,,75,62,,18,63,6,70,65,17,40,7,36,79,13,114,38
1018,122,53,91,18,89,97,,,90,96,,61,88,24,84,85,30,55,18,53,107,58,181,59
2812,56,,,,,,,,,,,,,,,,,,,,,15,71,NaN
2815,140,32,45,19,86,68,76,,61,68,,42,67,27,84,74,28,46,14,42,89,15,156,32
2817,56,,,,,,,,,,,,,,,,,,,,,15,72,NaN
2818,58,,,,,,,,,,,,,,,,,,,,,16,74,NaN
2822,142,70,119,26,108,114,110,,116,115,,81,110,53,117,114,40,69,24,67,131,15,157,70
2825,64,,,,,,,,,,,,,,,,,,,,,15,79,NaN
2837,140,55,87,24,101,95,76,,92,89,,75,100,33,91,95,38,64,17,47,109,4,144,55
2838,164,59,87,22,90,79,76,,87,80,,58,78,20,73,74,42,68,25,69,132,4,169,60
2841,63,,,,,,,,,,,,,,,,,,,,,15,79,NaN
2846,63,,,,,,,,,,,,,,,,,,,,,15,79,NaN
2851,109,45,87,21,102,88,70,,93,88,,50,78,19,81,78,30,60,18,55,113,6,116,49
2854,117,51,92,16,86,93,90,,90,93,,57,86,19,81,83,34,64,16,49,111,14,132,56
2861,109,32,70,16,90,71,98,,77,69,,29,59,11,70,63,27,55,17,53,107,14,124,39
2867,55,,,,,,,,,,,,,,,,,,,,,9,65,NaN
2868,57,,,,,,,,,,,,,,,,,,,,,15,73,NaN
2869,59,,,,,,,,,,,,,,,,,,,,,15,74,NaN
2878,65,,,,,,,,,,,,,,,,,,,,,15,80,NaN
2887,64,,,,,,,,,,,,,,,,,,,,,15,80,NaN
1019,106,55,105,16,91,93,,,99,95,,44,79,16,81,79,,,,,,49,156,65
2901,58,,,,,,,,,,,,,,,,,,,,,15,73,NaN
2916,62,,,,,,,,,,,,,,,,,,,,,14,76,NaN
2921,66,,,,,,,,,,,,,,,,,,,,,12,78,NaN
2931,57,,,,,,,,,,,,,,,,,,,,,15,73,NaN
2936,60,,,,,,,,,,,,,,,,,,,,,12,72,NaN
2939,66,,,,,,,,,,,,,,,,,,,,,13,80,NaN
2940,63,,,,,,,,,,,,,,,,,,,,,12,76,NaN
2941,63,,,,,,,,,,,,,,,,,,,,,14,77,NaN
2946,99,40,88,16,95,97,110,,91,97,,55,99,16,85,92,27,60,21,67,123,14,113,47
2951,68,,,,,,,,,,,,,,,,,,,,,14,83,NaN
2962,56,,,,,,,,,,,,,,,,,,,,,14,71,NaN
2964,57,,,,,,,,,,,,,,,,,,,,,14,72,NaN
2966,74,,,,,,,,,,,,,,,,,,,,,11,85,NaN
2967,133,47,76,12,69,74,83,,72,73,,64,86,16,71,77,34,58,8,31,90,13,147,48
2968,109,15,41,14,85,58,86,,57,59,,20,55,11,70,60,16,36,13,44,83,13,123,15
2998,114,52,95,20,98,99,125,,96,97,,62,92,18,80,85,31,60,20,58,116,10,124,57
1002,150,64,102,23,96,97,87,100,100,96,93,63,83,34,90,86,,,,,,24,175,67
1020,105,62,119,28,128,111,,,124,111,,75,117,43,115,117,27,57,17,55,110,57,163,70
1201,110,54,99,23,107,90,75,,103,91,,55,83,31,96,89,,,,,,41,152,61
1203,93,44,97,18,104,84,67,,99,88,,32,89,16,94,91,,,,,,41,135,61
1205,108,58,110,20,100,129,113,97,107,124,107,88,131,43,111,122,,,,,,33,141,65
1206,92,,,,,98,121,,,97,,54,109,16,94,102,26,64,15,57,118,39,132,NaN
3069,97,36,83,10,79,79,95,,82,78,,33,77,5,68,71,31,70,15,54,121,5,103,38
1207,104,33,74,11,79,88,94,,76,88,,45,80,13,77,77,22,48,12,44,93,39,143,34
1208,97,62,125,24,119,122,102,126,124,125,113,73,121,39,114,119,,,,,,29,127,70
3085,58,,,,,,,,,,,,,,,,,,,,,8,66,NaN
3086,59,,,,,,,,,,,,,,,,,,,,,9,69,NaN
3090,59,,,,,,,,,,,,,,,,,,,,,9,69,NaN
3091,61,,,,,,,,,,,,,,,,,,,,,8,69,NaN
3097,0,,,,,,,,,,,,,,,,,,,,,9,9,NaN
1021,111,68,128,24,112,142,115,116,123,136,117,86,129,39,106,119,,,,,,43,154,71
3106,58,,,,,,,,,,,,,,,,,,,,,8,66,NaN
1211,136,55,89,22,96,75,79,,91,76,,62,84,20,76,79,,,,,,41,177,59
3110,62,,,,,,,,,,,,,,,,,,,,,9,72,NaN
3116,63,,,,,,,,,,,,,,,,,,,,,7,70,NaN
3117,56,,,,,,,,,,,,,,,,,,,,,8,65,NaN
3118,60,,,,,,,,,,,,,,,,,,,,,9,70,NaN
1213,122,,,,,,,,,,,,,,,,,,,,,27,149,NaN
3130,99,33,78,14,89,81,82,,82,81,,38,82,18,88,84,21,48,19,61,108,6,105,36
3135,61,,,,,,,,,,,,,,,,,,,,,8,70,NaN
3136,61,,,,,,,,,,,,,,,,,,,,,6,67,NaN
1214,149,41,57,20,87,72,70,,69,71,,53,75,23,77,75,28,46,23,63,108,39,189,41
3151,59,,,,,,,,,,,,,,,,,,,,,7,66,NaN
3158,109,47,90,19,97,95,96,,93,94,,57,86,14,75,79,29,58,20,59,115,6,115,48
1217,124,69,124,32,150,119,120,122,138,124,122,90,130,51,118,125,,,,,,33,157,69
3170,105,56,107,21,104,115,96,,107,111,,74,115,38,109,113,29,61,7,35,96,4,110,57
3171,60,,,,,,,,,,,,,,,,,,,,,7,68,NaN
3172,60,,,,,,,,,,,,,,,,,,,,,7,68,NaN
3173,60,,,,,,,,,,,,,,,,,,,,,6,67,NaN
3174,60,,,,,,,,,,,,,,,,,,,,,7,67,NaN
3176,110,47,89,16,88,79,94,,89,82,,32,62,19,81,70,23,48,16,51,99,5,115,49
1218,160,55,80,26,104,85,65,102,90,86,81,68,85,24,76,79,,,,,,25,185,55
3186,59,,,,,,,,,,,,,,,,,,,,,7,67,NaN
1219,119,56,98,26,115,93,114,94,105,99,105,54,82,31,96,88,,,,,,34,154,62
3192,110,47,89,18,93,69,66,,91,74,,37,66,16,77,70,26,53,11,40,94,4,115,49
3196,142,54,84,17,80,89,86,,82,86,,61,82,20,76,78,26,43,14,42,87,4,147,55
1022,114,54,97,17,89,92,,,94,89,,55,83,23,86,84,18,38,10,37,79,55,170,61
3203,139,61,99,20,89,114,88,,95,110,,69,92,28,86,88,33,55,12,38,94,5,144,61
3204,142,40,59,18,84,56,67,,68,55,,41,67,27,84,74,34,56,17,47,102,4,146,40
3209,102,27,66,8,67,60,59,,67,57,,20,58,4,61,57,17,40,10,42,84,6,108,31
1221,128,,,,,,,,,,,,,,,,,,,,,30,159,NaN
3212,58,,,,,,,,,,,,,,,,,,,,,6,65,NaN
3213,189,,,,,,,,,,,,,,,,,,,,,6,195,NaN
3214,58,,,,,,,,,,,,,,,,,,,,,6,65,NaN
1222,222,,,,,,,,,,,96,106,58,110,108,,,,,,41,263,NaN
3222,60,,,,,,,,,,,,,,,,,,,,,5,66,NaN
3230,106,43,87,13,83,86,92,,85,82,,51,89,6,66,76,24,52,9,38,91,3,109,45
3235,94,28,75,17,100,84,96,,85,83,,26,71,16,90,79,15,40,10,45,87,4,99,32
3237,110,57,106,16,89,84,68,,98,87,,52,80,27,91,85,26,53,11,40,94,4,114,59
3244,61,,,,,,,,,,,,,,,,,,,,,5,67,NaN
3247,106,48,93,17,93,95,90,,93,94,,61,99,23,90,94,24,52,19,59,109,4,111,50
1225,139,53,84,19,87,77,70,,85,81,,59,80,18,73,75,23,40,14,42,82,39,178,55
3251,101,24,63,15,91,59,76,,74,60,,19,65,11,78,70,26,58,13,48,105,5,106,25
3252,84,28,88,14,103,76,93,,94,82,,19,83,9,88,85,23,60,11,51,109,4,89,34
3254,104,33,73,15,89,73,84,,79,75,,34,71,11,74,71,32,67,20,62,125,3,108,36
3259,0,,,,,,,,,,,,,,,,,,,,,5,5,NaN
1226,369,,100,,91,110,,,96,106,,81,91,31,80,85,,,,,,41,411,72
3261,60,,,,,,,,,,,,,,,,,,,,,5,65,NaN
1227,137,55,88,24,101,77,92,103,93,80,97,62,84,24,81,82,,,,,,33,171,57
3279,113,42,80,17,90,80,96,,84,79,,51,79,10,69,73,24,48,11,39,89,4,117,44
1228,113,60,111,25,114,108,106,96,113,110,102,74,107,49,119,114,,,,,,25,139,66
3289,61,,,,,,,,,,,,,,,,,,,,,4,65,NaN
1023,152,58,89,25,102,95,88,91,94,93,89,69,88,24,78,82,,,,,,40,193,59
1231,151,64,102,22,92,106,95,112,97,106,102,76,97,26,80,88,,,,,,45,196,67
3316,60,,,,,,,,,,,,,,,,,,,,,4,65,NaN
1232,109,39,79,10,72,,,,76,,,38,67,11,70,67,,,,,,16,125,46
3321,60,,,,,,,,,,,,,,,,,,,,,4,65,NaN
3326,72,,,,,,,,,,,,,,,,,,,,,4,77,NaN
1233,109,52,98,19,97,108,93,,98,105,,66,97,27,91,94,31,62,,,,27,137,59
3330,60,,,,,,,,,,,,,,,,,,,,,4,65,NaN
3334,60,,,,,,,,,,,,,,,,,,,,,4,65,NaN
1234,134,47,76,14,75,82,63,80,75,81,69,57,79,12,65,71,,,,,,38,172,53
1235,106,40,82,11,77,83,70,74,80,84,70,49,84,12,75,78,,,,,,38,145,51
1236,91,28,79,9,81,69,71,,81,70,,25,82,2,69,74,18,48,7,41,90,37,129,46
3369,60,,,,,,,,,,,,,,,,,,,,,2,62,NaN
1237,96,25,71,18,102,65,83,89,83,60,84,16,60,12,79,68,,,,,,47,143,47
1238,632,76,112,26,98,,,,106,,,91,101,51,100,101,,,,,,47,680,76
3391,109,44,85,15,86,,,,86,,,36,65,14,75,68,30,60,18,55,113,1,111,45
1024,89,27,79,14,97,77,,,87,78,,22,79,11,87,82,22,56,16,59,113,56,146,52
1240,121,45,80,16,84,,,,81,,,27,55,6,60,55,,,,,,16,137,49
1241,140,61,99,29,123,118,77,,110,118,,76,102,46,107,105,44,80,19,52,128,33,173,67
1242,377,76,112,27,97,,,,106,,,91,101,42,92,96,,,,,,47,425,76
1243,256,,,,,,,,,,,,,,,,,,,,,46,303,NaN
1244,349,,,,,,,,,,,,,,,,,,,,,45,395,NaN
1245,457,78,123,32,128,,,,127,,,104,118,65,127,124,,,,,,45,502,78
1246,274,74,109,30,110,93,,,110,96,,96,106,60,113,110,40,53,27,71,121,44,318,74
1247,149,,,,,,,,,,,82,106,42,98,102,,,,,,25,175,NaN
1248,144,57,89,24,99,86,75,82,93,86,77,68,87,34,90,88,,,,,,38,183,59
1249,206,,96,,86,105,,,91,101,,77,87,36,85,85,,,,,,41,248,61
1025,110,64,121,27,123,100,94,88,123,106,91,77,113,44,112,113,,,,,,44,154,74
1250,156,,,,,,,,,,,,,,,,,,,,,34,191,NaN
1251,225,71,103,26,97,125,,,101,120,,91,101,44,94,97,,,,,,43,268,71
1254,94,39,91,13,91,84,85,,92,87,,48,103,14,85,94,33,77,15,55,128,35,129,54
1255,232,72,105,28,104,,,,105,,,105,121,54,104,113,,,,,,48,280,72
1256,371,77,118,32,129,,,,124,,,108,130,63,123,128,,,,,,45,416,77
1257,691,,,,,,,,,,,,,,,,,,,,,40,732,NaN
1026,114,36,71,18,92,84,112,95,79,82,105,39,68,14,75,70,,,,,,40,154,47
1260,232,,,,,,,,,,,,,,,,,,,,,46,278,NaN
1261,97,56,114,20,107,112,112,,112,108,,61,105,28,101,103,29,66,22,72,133,12,109,61
1262,343,,,,,,,,,,,68,80,18,67,72,,,,,,39,382,NaN
1263,119,56,99,22,102,101,76,,100,101,,68,100,29,94,97,39,77,19,55,128,34,153,61
1264,226,,,,,,,,,,,91,101,49,99,100,,,,,,40,267,NaN
1266,261,,,,,,,,,,,,,,,,,,,,,45,307,NaN
1267,100,45,94,19,102,89,72,79,97,91,73,40,83,12,79,80,,,,,,25,126,54
1269,220,,,,,,,,,,,101,112,54,104,108,,,,,,40,260,NaN
1027,100,44,92,23,113,98,,,99,99,,59,103,30,103,103,,,,,,56,157,59
1270,71,19,98,9,108,,91,,102,,,,,,,,16,51,4,43,94,39,110,52
1273,122,50,88,23,103,89,97,,94,89,,63,90,33,95,92,,,,,,40,162,57
1274,124,,,,,,,,,,,19,55,14,71,61,,,,,,32,157,NaN
1275,122,58,100,22,99,76,73,99,100,77,84,45,72,21,80,75,,,,,,25,147,63
1278,104,19,52,8,66,,95,,58,,,9,55,7,68,59,20,44,7,35,82,40,145,19
1028,114,52,95,15,84,93,,,91,93,,56,85,19,81,82,25,50,15,47,97,55,170,57
1280,120,,,,,,,,,,,,,,,,,,,,,23,144,NaN
1283,71,15,91,9,93,,110,,92,,,,,,,,,,,,,40,111,48
1284,592,,,,,,,,,,,85,95,47,97,96,,,,,,40,633,NaN
1285,94,48,107,13,94,116,96,,102,111,,56,110,17,96,103,26,64,17,61,122,39,133,64
1287,123,,,,,,,,,,,,,,,,,,,,,38,161,NaN
1289,183,67,99,27,103,100,,,101,105,,81,94,44,95,94,43,67,24,62,125,23,206,67
1029,103,31,71,13,84,72,,,76,70,,15,55,8,70,60,,,,,,50,154,47
1294,426,,,,,,,,,,,93,103,37,87,95,,,,,,39,466,NaN
1297,538,,,,,,,,,,,100,111,52,100,106,,,,,,40,578,NaN
1298,95,47,99,15,95,106,103,,98,103,,53,97,17,87,92,19,46,16,56,102,39,135,60
1003,132,60,99,25,106,107,,,102,103,,76,102,27,84,93,36,62,23,64,123,61,194,67
1030,103,50,98,14,87,85,,,94,88,,41,76,20,86,80,30,68,12,48,114,55,158,62
1304,152,66,106,24,98,93,109,,103,97,,77,98,36,92,95,42,70,17,46,114,39,191,72
1305,416,67,89,21,79,72,,,84,78,,76,86,28,76,80,,,,,,39,456,67
1306,118,15,40,6,42,,40,,40,,,3,55,,,,15,33,8,33,71,39,158,34
1031,105,44,88,17,93,89,,,90,89,,49,84,18,84,83,18,41,10,40,84,54,160,57
1310,108,35,76,19,98,75,93,79,84,79,86,34,71,19,85,77,,,,,,24,133,47
1311,92,26,76,8,77,79,80,,77,75,,26,75,1,62,67,19,48,7,39,89,38,131,47
1312,652,,,,,,,,,,,76,86,41,91,88,,,,,,36,688,NaN
1313,286,,,,,,,,,,,104,118,64,125,123,,,,,,39,326,NaN
1319,116,65,120,27,121,144,114,,122,138,,74,107,41,108,108,,,,,,33,149,72
1032,109,48,91,15,86,91,,,89,90,,58,87,12,72,78,,,,,,50,160,59
1320,273,73,106,31,119,120,,,112,125,,97,107,58,110,109,46,65,22,52,115,39,313,73
1323,129,51,85,,,81,93,,,83,,65,93,24,84,88,42,97,18,52,127,35,165,55
1329,112,,,,,,,,,,,,,,,,,,,,,27,140,NaN
1033,120,49,87,22,100,77,,,92,78,,61,88,31,92,90,,,,,,49,170,60
1330,253,76,117,27,98,90,,,110,90,,89,99,41,91,95,43,59,23,54,111,38,292,76
1333,292,55,90,17,83,114,67,,87,109,,75,100,25,82,91,31,53,18,51,103,35,328,55
1334,219,53,66,22,84,59,,,72,62,,53,71,19,70,69,48,78,20,49,123,36,255,53
1034,113,46,86,18,92,73,,,88,76,,35,64,18,80,71,,,,,,54,168,56
1340,134,69,119,27,115,110,115,,119,113,,73,97,43,103,100,41,75,25,72,141,27,162,70
1345,181,,,,,,,,,,,76,89,38,89,88,,,,,,21,203,NaN
1035,130,57,96,19,90,86,99,107,93,87,103,64,91,29,90,90,,,,,,24,155,61
1355,101,53,106,21,108,99,104,90,107,103,98,59,103,32,106,105,,,,,,25,126,61
1356,151,18,40,,,40,51,,,40,,8,55,0,55,53,,,7,28,,38,190,34
1357,131,49,80,25,107,63,80,91,90,67,84,42,67,20,76,70,,,,,,25,157,55
1036,147,68,113,30,124,103,109,120,119,112,116,82,106,53,114,111,,,,,,40,187,69
1365,117,50,90,19,94,91,90,,91,92,,70,102,28,92,97,22,44,11,39,85,22,140,58
1366,117,49,89,20,96,87,72,,92,91,,66,97,32,97,97,26,50,16,49,99,22,140,57
1369,239,,,,,,,,,,,97,107,52,100,104,,,,,,38,278,NaN
1037,110,45,87,16,89,83,89,83,87,82,85,51,79,16,77,77,,,,,,26,136,53
1371,95,,,,,,,,,,,,,,,,,,,,,37,132,NaN
1374,176,,,,,,,,,,,47,67,19,71,67,,,,,,23,199,NaN
1375,136,60,99,26,110,93,96,,104,93,,71,95,40,99,97,33,56,15,44,100,37,174,67
1377,84,27,85,14,102,72,115,,92,75,,23,87,11,91,88,18,50,14,57,106,38,123,49
1378,131,73,131,31,138,122,103,123,137,124,113,93,134,58,129,133,,,,,,30,161,73
1379,90,62,132,30,147,113,98,,138,118,,66,123,41,123,124,23,58,18,63,118,33,123,72
1038,151,49,72,15,73,95,76,,72,90,,51,73,16,70,70,24,40,5,25,71,52,204,49
1382,95,46,99,19,105,95,95,,101,97,,62,108,29,102,105,25,58,7,38,96,32,128,58
1383,97,53,109,20,107,120,93,,109,116,,81,132,32,106,120,22,52,16,56,107,35,132,64
1384,96,54,111,20,108,110,110,,110,109,,68,114,26,98,106,26,60,12,48,107,37,133,65
1387,107,60,114,21,103,95,77,93,110,93,83,53,91,21,88,89,,,,,,25,132,62
1388,111,54,100,19,96,93,76,,98,93,,67,98,19,81,89,29,58,8,34,93,37,148,63
1393,89,23,75,10,90,73,82,,81,69,,11,67,6,78,71,24,60,9,45,104,38,127,45
1396,138,68,115,26,108,98,115,110,113,99,110,80,108,41,100,104,,,,,,35,173,68
1004,83,17,,5,,,,,,,,,,,,,13,41,12,55,96,60,144,NaN
1040,113,48,90,16,88,91,91,,89,90,,58,87,20,82,84,28,54,15,47,100,52,165,59
1403,132,39,64,10,64,77,73,,63,75,,50,73,7,60,65,19,35,11,37,76,35,167,42
1041,70,21,101,6,93,78,108,,98,79,,,,,,,18,55,8,51,105,52,123,58
1416,134,64,109,22,97,114,96,,104,109,,83,113,43,103,108,37,64,22,61,122,38,172,64
1042,79,12,69,6,80,,91,,73,,,,,,,,14,47,8,51,98,52,131,44
1420,134,49,78,20,91,56,61,62,83,57,59,47,71,17,72,70,,,,,,25,160,54
1423,134,33,50,18,85,52,75,74,64,49,73,32,58,12,65,59,,,,,,25,159,35
1427,157,,,,,,,,,,,,,,,,,,,,,30,187,NaN
1428,116,,,,,,,,,,,,,,,,,,,,,30,146,NaN
1429,116,,,,,,,,,,,,,,,,,,,,,28,144,NaN
1043,136,56,91,18,85,85,81,,89,86,,61,82,18,73,76,28,47,18,51,98,52,188,59
1436,127,,,,,,,,,,,,,,,,,,,,,28,156,NaN
1044,143,,,,,,,,,,,,,,,,,,,,,16,160,NaN
1440,115,39,76,14,82,77,80,,78,75,,42,71,5,62,65,30,58,13,43,101,34,150,53
1441,102,,,,,,,,,,,,,,,,,,,,,28,131,NaN
1045,137,66,112,29,121,76,67,76,117,82,70,76,102,46,107,105,,,,,,24,161,67
1459,197,,,,,,,,,,,108,135,65,130,134,,,,,,22,219,NaN
1046,158,59,89,28,111,57,61,82,98,68,70,42,65,17,70,66,,,,,,24,182,59
1047,123,51,89,22,100,109,114,,93,105,,75,106,32,93,100,30,55,20,57,110,51,175,59
1476,137,42,67,13,72,76,73,,68,71,,57,79,13,67,72,29,49,13,40,90,33,170,45
1048,117,56,100,24,109,87,80,,104,91,,54,82,27,91,86,23,46,15,47,94,52,170,63
1483,243,,,,,,,,,,,96,106,62,118,113,,,,,,36,280,NaN
1486,135,,,,,,,,,,,,,,,,,,,,,29,164,NaN
1488,104,49,97,16,92,116,115,96,95,108,107,75,117,26,94,106,,,,,,18,122,55
1489,102,,,,,,,,,,,,,,,,,,,,,30,133,NaN
1049,176,58,81,21,85,96,84,80,82,90,81,66,81,24,74,76,,,,,,25,202,60
1494,408,,,,,,,,,,,78,89,57,109,99,,,,,,31,440,NaN
1496,108,,,,,,,,,,,,,,,,,,,,,28,136,NaN
1499,136,39,60,10,61,67,70,,59,64,,32,58,6,59,56,25,43,11,36,82,37,174,39
1005,139,67,113,23,99,97,116,116,108,99,118,77,103,49,111,107,,,,,,43,182,69
1050,144,61,97,27,110,85,62,,103,82,,70,89,38,94,91,29,47,21,56,102,52,196,68
1503,97,,,,,,,,,,,,,,,,,,,,,31,128,NaN
1509,136,57,93,20,91,97,104,,92,95,,79,107,36,95,101,43,64,17,49,111,35,171,58
1051,105,38,80,20,101,75,74,70,88,76,71,36,72,18,84,77,,,,,,47,153,55
1512,266,,,,,,,,,,,87,97,50,100,98,,,,,,35,301,NaN
1517,96,21,64,9,77,63,83,,70,52,,9,55,5,68,59,20,48,15,54,102,36,133,39
1052,112,43,82,17,90,80,96,88,85,79,92,47,76,11,70,72,,,,,,26,139,51
1521,154,62,98,24,97,96,81,,97,98,,67,86,36,92,88,40,65,21,55,117,36,190,62
1526,115,,,,,,,,,,,,,,,,,,,,,31,147,NaN
1053,91,41,95,15,98,82,99,,96,83,,35,91,6,78,84,27,66,10,47,111,51,143,57
1531,100,,,,,,,,,,,,,,,,,,,,,36,137,NaN
1533,145,46,69,13,69,74,68,,68,73,,65,84,10,62,72,27,44,15,43,85,36,182,48
1054,116,57,103,22,102,84,95,,103,87,,42,71,18,80,74,27,53,22,64,115,51,168,63
1541,169,74,121,29,114,99,,,119,103,,78,93,52,106,100,34,51,14,39,91,22,192,74
1543,156,59,90,20,86,85,82,,88,83,,65,83,20,73,77,36,57,22,58,113,35,191,59
1546,129,46,77,13,74,81,66,,75,80,,61,88,21,80,83,28,50,14,43,94,35,164,53
1547,102,70,137,31,150,114,112,,145,118,,72,120,46,121,122,30,66,14,50,114,35,137,70
1549,99,39,87,15,92,83,90,,89,87,,36,80,4,66,72,21,48,6,34,84,35,135,53
1055,143,54,83,18,83,85,81,90,83,81,85,65,87,24,81,83,,,,,,45,189,60
1056,99,45,95,19,102,99,113,,98,98,,62,108,27,100,104,22,52,9,42,94,51,151,57
1561,131,,,,,,,,,,,,,,,,,,,,,29,160,NaN
1057,150,56,86,13,67,93,69,90,77,86,78,64,83,12,64,72,,,,,,36,187,56
1578,132,69,121,23,100,111,76,109,113,109,89,80,108,31,89,98,,,,,,24,156,74
1058,83,28,89,16,109,85,96,,97,87,,24,94,13,98,96,18,51,16,63,112,51,134,54
1582,115,43,82,17,90,74,43,,85,76,,49,77,13,73,74,34,66,14,45,109,35,150,55
1584,105,41,86,11,79,78,92,,83,78,,38,73,7,68,69,23,50,6,33,85,35,140,54
1587,331,,,,,,,,,,,89,99,52,100,100,,,,,,34,365,NaN
1589,141,46,70,17,81,90,81,,74,87,,72,96,15,69,82,38,65,16,46,109,32,173,50
1059,120,56,99,20,96,98,104,,98,96,,62,89,27,87,87,26,49,20,57,105,51,171,67
1590,154,41,55,12,63,,,,57,,,49,72,7,60,64,,,,,,14,169,41
1591,92,33,86,10,85,71,97,,86,72,,27,84,6,78,80,16,42,7,39,84,34,126,49
1592,595,,,,,,,,,,,56,73,14,63,66,,,,,,34,629,NaN
1593,89,24,75,12,90,,73,,81,,,10,75,4,78,75,22,56,14,55,109,35,124,43
1594,110,67,126,23,108,125,109,,120,123,,73,106,50,120,114,41,80,18,55,130,34,145,67
1595,571,,,,,,,,,,,99,107,51,100,104,,,,,,33,604,NaN
1599,293,75,111,28,100,93,,,107,96,,74,84,39,89,86,41,54,25,60,112,34,327,75
1006,131,,,,,,,,,,,63,90,26,86,87,24,44,25,73,115,60,192,NaN
1060,105,66,127,30,138,110,,,134,115,,68,108,52,125,117,29,61,21,65,123,50,155,71
1606,134,50,81,12,69,95,103,,75,91,,60,81,14,68,73,36,62,20,55,117,29,164,54
1061,110,61,114,26,118,117,94,,117,115,,75,109,38,105,107,36,73,16,51,121,48,158,62
1610,139,63,104,22,96,133,117,,100,126,,87,120,32,90,105,36,60,20,54,112,34,173,65
1611,111,26,58,13,81,69,104,,66,70,,23,55,10,69,60,19,39,14,45,86,34,145,26
1617,99,23,65,10,80,61,80,,71,54,,17,61,10,76,67,38,80,12,48,124,34,133,37
1618,96,40,90,20,94,95,86,,96,94,,52,96,19,89,92,32,73,15,54,123,29,126,52
1062,128,54,91,25,109,80,,,98,83,,63,90,29,90,90,36,64,25,73,132,49,178,59
1622,134,53,87,25,100,91,95,,92,94,,64,86,36,95,90,29,51,14,43,94,33,167,60
1623,105,58,113,23,111,88,80,,113,95,,45,80,20,86,82,33,69,22,68,132,15,120,65
1629,124,,,,,,,,,,,,,,,,,,,,,30,154,NaN
1063,97,40,91,13,90,81,,,91,83,,27,72,11,78,74,27,62,21,69,127,49,146,59
1630,133,59,98,26,111,78,90,,103,85,,64,86,28,86,85,27,47,20,55,102,33,167,62
1631,104,46,93,18,97,97,94,,94,97,,62,101,28,97,99,25,54,12,44,98,33,138,57
1638,103,53,103,24,114,95,110,,108,97,,64,103,29,98,101,23,50,19,59,108,14,118,58
1639,99,48,99,18,100,100,80,,99,102,,55,99,26,98,98,28,64,21,69,129,31,130,60
1064,118,66,120,27,120,160,135,122,122,158,133,97,138,58,131,136,,,,,,43,162,72
1640,121,,,,,,,,,,,,,,,,,,,,,24,146,NaN
1642,110,18,43,14,84,52,73,,60,41,,7,55,8,66,58,19,41,11,40,84,33,144,32
1647,119,53,94,21,99,95,112,,96,96,,66,97,28,92,94,34,64,16,49,111,29,149,60
1065,153,66,106,24,98,100,80,,103,101,,72,91,35,91,91,32,50,21,55,104,47,201,72
1651,142,62,100,21,91,115,95,,96,109,,78,105,22,78,91,41,71,20,54,122,32,175,63
1652,114,55,100,20,97,93,93,,99,98,,67,98,28,92,95,34,66,18,54,117,32,147,63
1653,108,63,119,25,116,,,,119,,,71,103,43,111,107,,,,,,2,110,63
1654,97,47,100,18,102,91,94,,101,90,,58,102,16,60,80,29,66,18,60,123,9,107,54
1655,113,64,119,26,117,106,113,,120,114,,77,111,46,107,110,32,62,27,80,136,31,145,70
1656,108,,,,,,,,,,,,,,,,,,,,,28,136,NaN
1657,124,60,105,27,118,109,100,,111,,,68,96,45,110,103,34,63,17,51,112,32,157,65
1658,128,,,,,,,,,,,,,,,,,,,,,28,157,NaN
1066,109,50,96,20,100,84,82,98,97,84,88,45,74,14,75,73,,,,,,39,149,61
1662,682,,,,,,,,,,,73,84,22,72,77,,,,,,32,715,NaN
1663,142,58,93,23,98,96,88,,95,98,,77,103,31,89,96,42,76,18,38,114,29,172,58
1664,107,21,54,14,85,54,78,,66,56,,,,13,73,,29,61,9,38,99,32,140,38
1067,127,58,98,22,98,105,81,,98,102,,78,110,30,91,101,37,69,14,44,113,45,172,62
1673,116,,,,,,,,,,,58,87,15,76,81,,,,,,28,145,NaN
1675,126,46,79,21,97,75,75,,86,73,,43,69,13,70,68,33,59,25,73,128,31,157,53
1678,136,,,,,,,,,,,,,,,,,,,,,31,167,NaN
1679,101,,,,,,,,,,,28,73,4,66,68,,,,,,30,131,NaN
1068,129,52,87,14,76,81,81,,82,81,,64,91,18,76,83,29,51,20,56,105,44,174,60
1069,102,38,83,16,93,97,97,,87,95,,44,87,14,82,84,26,58,10,42,100,44,146,54
1690,411,,,,,,,,,,,58,74,31,80,76,,,,,,32,444,NaN
1699,NaN,66,110,27,111,121,,,111,115,,83,113,40,99,106,37,62,20,54,114,57,NaN,75
1007,72,26,103,13,114,95,,,108,102,,23,99,13,108,104,19,57,14,63,117,60,133,62
1070,129,54,91,19,90,99,90,90,98,97,106,66,94,21,80,86,,,,,,39,169,59
1700,NaN,6,56,3,59,77,,,57,69,,,,,,,16,49,8,49,98,47,NaN,26
1701,109,62,118,23,109,90,90,,115,96,,56,85,31,96,90,9,26,17,53,82,32,141,70
1702,96,41,92,20,107,96,87,,97,94,,55,99,22,93,96,15,39,9,42,84,24,121,51
1706,113,47,89,14,83,75,82,,87,79,,41,70,10,69,68,20,41,10,37,81,32,146,57
1707,116,54,97,20,97,91,90,,97,94,,63,94,22,85,89,32,60,21,60,117,31,148,61
1708,96,39,89,19,105,79,87,91,95,83,87,30,75,15,84,78,,,,,,20,116,49
1709,444,,,,,,,,,,,87,97,49,99,103,,,,,,31,475,NaN
1071,120,49,86,17,87,64,103,,86,66,,30,57,20,79,66,16,33,12,40,77,44,165,56
1710,132,,,,,,,,,,,,,,,,,,,,,31,163,NaN
1714,233,,,,,,,,,,,81,91,45,95,93,,,,,,31,265,NaN
1716,127,41,71,14,78,65,80,,73,66,,49,76,15,73,73,24,45,16,48,94,32,159,47
1718,124,,,,,,,,,,,,,,,,,,,,,31,155,NaN
1072,117,37,70,15,83,63,77,65,75,65,70,35,64,2,57,58,,,,,,25,142,46
1724,123,59,103,22,100,98,88,,102,97,,67,95,29,90,92,27,50,16,49,99,31,154,63
1725,109,,,,,,,,,,,,,,,,,,,,,29,138,NaN
1726,115,65,120,22,103,108,99,,114,111,,71,103,34,100,102,34,64,13,42,105,31,147,72
1727,96,55,113,20,107,109,86,,112,106,,67,113,20,91,102,33,75,10,44,117,31,128,65
1073,131,59,98,20,92,88,86,,95,89,,75,106,33,95,101,29,51,13,41,93,43,175,62
1736,271,76,116,32,128,172,,,122,130,,108,130,65,127,130,,,,,,31,303,76
1739,98,31,78,13,90,73,89,,83,72,,19,65,3,64,63,15,39,7,38,80,31,129,49
1074,144,34,46,16,77,45,50,87,57,47,66,31,56,12,64,58,,,,,,40,185,34
1742,109,,,,,,,,,,,,,,,,,,,,,30,139,NaN
1743,308,78,128,32,127,122,,,129,119,,108,130,65,127,130,,,,,,31,339,78
1744,104,31,70,14,86,68,83,,77,70,,31,69,7,68,67,18,41,16,53,94,12,117,37
1747,110,,,,,,,,,,,,,,,,,,,,,28,139,NaN
1748,115,,,,,,,,,,,50,78,14,75,75,,,,,,31,146,NaN
1749,145,55,85,24,100,82,78,,91,85,,58,79,22,75,76,33,54,12,37,92,28,173,55
1075,124,46,80,16,83,90,,,81,88,,59,85,17,75,79,24,45,20,56,101,58,183,55
1750,171,,,,,,,,,,,69,83,32,84,83,,,,,,24,195,NaN
1753,146,65,106,22,94,99,90,,101,105,,82,106,44,101,104,40,67,25,71,133,30,176,66
1754,114,53,97,23,107,114,97,,101,106,,63,94,27,91,92,38,76,21,61,132,28,142,61
1755,102,54,107,21,107,91,93,,107,91,,52,96,31,104,100,22,50,17,56,105,30,132,64
1756,90,43,99,17,104,86,85,,100,85,,31,88,12,88,87,26,64,17,61,122,28,119,56
1757,139,66,111,30,128,94,113,,120,100,,69,92,41,100,96,31,52,19,53,105,29,169,66
1758,130,61,104,21,95,114,77,,100,111,,69,98,25,85,91,42,79,19,54,129,27,158,65
1076,112,45,85,19,95,72,,,89,76,,29,59,18,80,68,,,,,,56,169,55
1762,96,68,137,23,117,121,105,,131,122,,66,112,36,110,112,26,60,19,63,120,31,127,70
1763,136,70,121,29,122,128,89,120,123,127,102,76,102,56,123,113,,,,,,17,153,74
1077,124,48,82,19,91,91,,,85,90,,65,93,25,85,88,20,38,21,59,97,57,181,55
1770,316,77,121,31,117,120,,,121,124,,105,121,63,123,123,,,,,,31,347,77
1771,368,77,119,30,109,122,,,116,119,,103,115,59,112,114,,,,,,31,400,77
1773,106,,,,,,,,,,,,,,,,,,,,,27,133,NaN
1775,96,60,122,25,123,114,93,,123,114,,64,110,42,117,114,31,70,13,50,117,30,127,68
1078,111,42,81,19,95,67,,,86,69,,23,55,13,73,62,,,,,,56,168,58
1780,120,,,,,,,,,,,,,,,,,,,,,29,149,NaN
1783,123,,,,,,,,,,,,,,,,,,,,,28,151,NaN
1788,97,57,116,19,104,145,110,,112,136,,57,101,32,106,104,32,73,21,69,136,29,127,64
1079,92,40,94,18,105,88,,,98,88,,33,90,14,91,90,,,,,,53,146,59
1793,190,,,,,,,,,,,60,76,23,73,73,,,,,,23,213,NaN
1794,102,41,88,13,86,86,94,,88,85,,39,74,12,79,75,22,52,18,60,110,29,131,52
1797,98,29,74,15,93,73,93,,82,74,,28,73,10,76,73,11,32,18,60,93,22,121,41
1798,116,48,88,18,91,84,97,,89,85,,30,60,17,79,68,29,56,22,64,117,30,146,57
1799,146,64,104,27,111,78,41,,107,82,,73,92,45,68,79,38,63,22,59,119,28,175,65
1008,159,53,77,15,71,79,77,79,73,85,77,65,83,22,74,77,,,,,,45,204,53
1080,113,51,94,24,110,93,,,100,95,,53,81,26,90,85,,,,,,54,168,60
1802,117,,,,,,,,,,,,,,,,,,,,,27,144,NaN
1803,102,61,120,22,109,40,43,,117,74,,70,110,44,116,114,22,50,16,54,104,30,132,66
1806,223,,,,,,,,,,,73,84,31,80,81,,,,,,29,252,NaN
1807,138,53,85,19,88,97,82,,86,95,,62,84,16,71,76,28,47,19,53,100,29,167,55
1081,109,57,107,22,105,95,75,93,107,96,82,63,94,27,91,92,,,,,,26,135,64
1810,139,66,111,22,96,90,91,,105,125,,87,120,44,104,113,40,70,22,60,126,30,169,66
1817,96,25,69,11,83,67,77,,75,63,,,,,,,16,41,10,44,87,26,123,38
1818,146,70,118,26,107,116,105,,115,119,,93,127,59,126,128,39,65,22,59,121,29,175,70
1819,105,31,70,12,80,67,65,,74,69,,29,68,8,70,67,7,25,7,35,66,30,136,46
1082,136,66,112,22,97,119,98,108,106,116,102,83,113,48,110,112,,,,,,26,162,67
1820,106,,,,,,,,,,,,,,,,,,,,,29,136,NaN
1823,116,57,102,19,94,99,95,,99,102,,65,96,31,96,96,34,66,14,45,109,30,146,64
1827,125,57,97,23,103,109,117,,99,107,,82,117,39,102,110,31,55,21,59,112,30,156,61
1083,112,50,93,22,104,86,74,95,97,88,82,47,76,24,87,81,,,,,,25,137,57
1830,96,55,125,17,110,119,108,,120,119,,71,130,20,104,118,25,64,19,68,128,27,124,70
1839,132,74,133,29,125,121,101,,132,127,,97,136,57,125,132,38,66,18,51,115,30,162,74
1084,159,54,78,25,99,77,75,67,86,76,70,62,82,28,81,81,,,,,,37,196,54
1841,99,43,92,20,106,97,100,,97,95,,57,101,23,95,98,22,52,10,44,96,28,127,53
1843,98,38,86,11,83,84,79,,85,86,,34,78,3,64,69,22,52,10,44,98,29,127,52
1846,123,71,128,32,154,127,104,,142,128,,75,106,50,116,112,41,80,20,57,132,28,152,71
1085,131,57,95,21,95,92,75,,95,93,,61,88,25,85,86,,,,,,52,184,67
1852,103,,,,,,,,,,,,,,,,,,,,,28,132,NaN
1853,127,41,70,9,61,83,61,,65,81,,58,84,4,58,69,25,46,10,36,84,29,156,50
1856,109,,,,,,,,,,,,,,,,,,,,,27,136,NaN
1857,109,,,,,,,,,,,,,,,,,,,,,27,136,NaN
1858,135,64,108,25,107,116,116,,108,113,,75,100,37,96,98,37,63,27,79,136,29,165,64
1086,117,53,95,20,96,94,118,,95,95,,66,97,27,91,94,27,53,20,58,109,42,160,57
1860,96,31,79,11,84,71,87,,81,71,,27,72,12,79,74,18,44,8,40,86,21,118,41
1862,96,52,108,24,120,116,112,,113,116,,70,117,34,108,113,25,58,18,60,116,29,126,62
1865,96,35,85,15,95,65,79,,89,73,,32,76,11,78,76,16,41,9,42,85,22,118,48
1087,125,70,125,28,122,140,,,126,141,,85,121,54,123,123,42,80,24,69,142,59,184,70
1872,97,15,53,8,73,63,77,,62,,,0,55,0,55,53,24,56,20,66,119,28,125,35
1875,140,54,86,18,87,90,110,,86,89,,75,100,50,113,107,24,41,10,34,79,28,168,56
1876,137,66,111,25,105,110,113,103,109,109,110,72,102,41,100,101,,,,,,19,157,66
1878,101,,,,,,,,,,,,,,,,,,,,,27,129,NaN
1879,121,,,,,,,,,,,,,,,,,,,,,28,149,NaN
1088,209,,,,,,,,,,,,,,,,,,,,,45,255,NaN
1880,119,18,40,7,53,44,66,,42,40,,0,55,4,60,55,15,32,11,39,75,28,147,18
1888,132,52,85,21,94,69,53,,88,73,,55,77,19,74,74,27,47,21,58,104,24,156,55
1089,207,57,75,19,77,93,,,75,87,,82,92,33,83,87,,,,,,43,251,58
1896,99,23,64,9,74,73,72,,69,67,,18,63,4,66,63,25,56,8,27,85,28,127,39
1897,120,36,66,11,71,67,80,,67,67,,37,63,12,69,64,23,44,10,36,83,28,148,36
1009,151,53,78,16,75,69,40,67,76,73,50,61,81,24,78,78,,,,,,36,188,54
1090,266,74,109,29,107,,,,109,,,101,112,49,99,106,,,,,,49,315,74
1902,98,18,58,12,88,62,66,,70,54,,7,55,2,62,56,23,54,9,42,96,18,116,26
1903,155,34,40,13,66,56,51,,49,54,,28,55,7,60,55,,,,,,17,173,34
1906,112,16,40,6,45,50,71,,41,40,,,,,,,3,20,0,20,45,27,139,15
1091,256,,,,,,,,,,,,,,,,,,,,,46,303,NaN
1911,142,48,73,19,86,77,72,85,78,75,77,52,74,16,71,71,,,,,,23,166,50
1917,113,,,,,,,,,,,,,,,,,,,,,26,140,NaN
1918,133,,,,,,,,,,,,,,,,,,,,,26,159,NaN
1092,508,75,107,28,102,,,,105,,,88,98,43,93,95,,,,,,49,557,75
1920,121,41,73,12,73,60,77,,73,60,,28,55,3,56,53,22,43,12,40,85,25,146,48
1922,97,18,57,7,65,62,99,,61,52,,0,55,3,64,57,22,52,10,44,96,15,113,23
1923,79,31,97,14,108,90,80,,101,93,,21,94,12,101,97,22,59,15,61,117,21,101,47
1928,120,,,,,,,,,,,,,,,,,,,,,26,147,NaN
1093,271,,,,,,,,,,,,,,,,,,,,,39,311,NaN
1930,126,60,103,19,91,130,117,,98,125,,69,98,39,102,100,35,63,19,54,106,24,151,63
1931,96,62,126,23,116,129,114,,123,121,,71,119,35,109,115,,,,,,19,116,67
1933,138,35,53,17,82,58,62,,64,58,,32,58,13,67,60,35,59,16,46,104,26,165,35
1934,96,20,63,13,90,63,74,,73,60,,15,55,9,71,61,19,42,13,46,89,11,108,25
1939,134,54,89,22,97,86,94,,92,85,,63,85,28,86,85,24,43,14,43,88,26,160,59
1094,432,77,117,26,94,,,,107,,,102,113,65,127,121,,,,,,48,481,77
1941,139,42,64,15,76,70,73,,68,68,,32,58,17,72,63,28,46,19,52,98,26,166,42
1945,188,,,,,,,,,,,79,92,29,80,85,,,,,,22,210,NaN
1946,113,41,80,15,85,87,89,89,81,88,88,52,80,11,70,74,,,,,,22,136,49
1095,231,69,99,26,97,,,,98,,,92,102,51,100,101,,,,,,48,279,70
1951,112,47,88,15,85,90,90,98,86,87,94,41,70,17,79,73,,,,,,23,136,55
1952,109,36,75,13,82,82,75,95,77,79,83,37,66,6,63,63,,,,,,23,133,45
1953,117,26,54,9,65,47,63,,57,49,,18,55,1,55,53,20,40,9,35,79,26,144,38
1955,116,32,63,22,102,59,95,97,78,58,96,21,55,15,76,64,,,,,,24,140,32
1956,120,20,40,7,51,,45,,43,,,,,,,,11,26,9,34,66,25,145,18
1958,96,45,97,20,107,104,102,,100,101,,66,112,31,104,108,22,52,10,44,96,26,123,56
1096,501,76,111,29,106,,,,109,,,82,92,45,95,93,,,,,,47,549,76
1960,111,37,75,20,98,77,81,103,84,81,90,34,63,16,77,68,,,,,,21,133,45
1961,113,46,86,20,98,75,86,97,91,77,90,53,81,20,82,81,,,,,,21,135,52
1964,112,38,75,16,88,83,73,,80,80,,40,69,11,70,68,28,54,12,41,95,26,138,48
1969,110,46,88,17,91,85,77,,89,86,,58,87,13,73,79,20,42,13,44,88,25,135,55
1097,578,,,,,,,,,,,,,,,,,,,,,38,617,NaN
1970,88,26,80,12,94,82,77,,86,60,,25,82,5,76,78,20,52,7,41,92,26,114,41
1975,102,20,57,6,52,60,83,,55,52,,10,55,5,63,57,19,44,7,36,83,8,111,23
1978,119,51,90,17,87,83,89,,89,84,,46,73,18,76,73,24,46,12,40,88,16,136,52
1979,139,44,69,13,71,74,69,,69,71,,60,81,14,68,73,23,40,12,38,81,26,165,48
1098,537,78,123,30,112,,,,120,,,63,77,40,90,83,,,,,,46,583,78
1980,112,39,76,19,95,71,85,,83,74,,37,66,19,81,72,22,46,11,40,88,23,136,47
1981,100,20,60,6,54,63,80,69,58,61,73,7,55,8,73,62,,,,,,22,122,39
1988,110,45,86,14,83,100,115,,85,98,,59,88,16,77,82,30,60,20,59,117,26,137,54
1099,322,76,113,31,120,,,,117,,,95,105,61,115,111,,,,,,45,367,76
1995,187,,,,,,,,,,,62,77,25,75,75,,,,,,24,212,NaN
