"","mse","info","sd","r.wj.1","r.wj.2","r.wj.3","min.wj","max.wj","mean.wj","listnum"
"1",0.00690173420316684,7.07051085164778,4.72453060390955,0.856720941547601,0.850223281060534,0.8443095967578,0.8443095967578,0.856720941547601,0.850417939788645,"43"
"2",0.00709751486655147,7.07261374510319,4.91319609046193,0.843215231467105,0.853317853691277,0.854023833924828,0.843215231467105,0.854023833924828,0.850185639694403,"151"
"3",0.00719985616756605,7.07615494717535,4.86234970028642,0.834428722012967,0.860670491874391,0.848838486138258,0.834428722012967,0.860670491874391,0.847979233341872,"231"
"4",0.00750021891555758,7.07076519914742,4.81508612497484,0.838509102987999,0.863724722597743,0.860607458692154,0.838509102987999,0.863724722597743,0.854280428092632,"140"
"5",0.00775724284568694,7.07751302998578,4.95174544409372,0.841622322111001,0.844935459869176,0.836888639009232,0.836888639009232,0.844935459869176,0.84114880699647,"110"
"6",0.00778996374936527,7.07282325647691,4.80530898616117,0.846586456076903,0.851201254091016,0.852589433477016,0.846586456076903,0.852589433477016,0.850125714548312,"125"
"7",0.00784034697867175,7.06864498879561,4.74944353552793,0.841082423068986,0.839431806298554,0.861836947802212,0.839431806298554,0.861836947802212,0.847450392389917,"90"
"8",0.00784086866901584,7.0782410297844,4.93017039476038,0.853944015344981,0.860316809533591,0.860894901488906,0.853944015344981,0.860894901488906,0.858385242122493,"181"
"9",0.00792178377961943,7.06936167016828,4.77863152895595,0.847445481812816,0.857456077009071,0.843523236358894,0.843523236358894,0.857456077009071,0.849474931726927,"236"
"10",0.00795295563164581,7.07792152611982,4.86394342812074,0.846494062256263,0.862152879011527,0.856704453268022,0.846494062256263,0.862152879011527,0.855117131511937,"119"
"11",0.00811123333178582,7.07539602284395,4.78456608689825,0.851333867604232,0.838860469982274,0.853473645250597,0.838860469982274,0.853473645250597,0.847889327612368,"185"
"12",0.00816630972499199,7.06569450771376,4.75867329480816,0.837976022499137,0.863996917429386,0.868725390706514,0.837976022499137,0.868725390706514,0.856899443545012,"189"
"13",0.00823412663186705,7.07329509886211,4.79936170041124,0.850950992085595,0.868115965356276,0.842057404364879,0.842057404364879,0.868115965356276,0.85370812060225,"249"
"14",0.00846147026779785,7.06835482892466,4.68894087917037,0.833954220528279,0.845488461168484,0.84677205715771,0.833954220528279,0.84677205715771,0.842071579618157,"183"
"15",0.00847310754295257,7.06730236467656,4.73081700803264,0.836524179317745,0.843474519919023,0.854651811432125,0.836524179317745,0.854651811432125,0.844883503556298,"115"
"16",0.00847590424523283,7.07688462891652,4.92095269297732,0.840553775399811,0.860327828315875,0.863222596690911,0.840553775399811,0.863222596690911,0.854701400135532,"105"
"17",0.00850726443654163,7.07565760957914,4.81926581239359,0.8400343829459,0.859150569772981,0.850747747358131,0.8400343829459,0.859150569772981,0.849977566692337,"103"
"18",0.00855829956640825,7.07389096097306,4.7933326857835,0.858336916340318,0.848325484335611,0.862596877867942,0.848325484335611,0.862596877867942,0.856419759514624,"106"
"19",0.00856449208438177,7.06514948055219,4.59670806646169,0.838330877221519,0.850779880336999,0.852443962799323,0.838330877221519,0.852443962799323,0.847184906785947,"54"
"20",0.00859865892808239,7.07354497534133,4.74349962770827,0.847703983491162,0.846241294119984,0.859259164858372,0.846241294119984,0.859259164858372,0.851068147489839,"218"
"21",0.00860305781056465,7.07825791324826,4.95786691307297,0.854285222304135,0.851306526047486,0.862893786928628,0.851306526047486,0.862893786928628,0.856161845093416,"217"
"22",0.00860652739091624,7.07401079672629,4.78394001751762,0.858285759656015,0.843709036171903,0.85095053851221,0.843709036171903,0.858285759656015,0.850981778113376,"100"
"23",0.00861216848867261,7.07141436836058,4.82359250821776,0.857178368469916,0.843625782283799,0.852201980998792,0.843625782283799,0.857178368469916,0.851002043917502,"163"
"24",0.00865709406687186,7.07683414464382,4.85208794934763,0.848819607865487,0.855578851839983,0.844088625679765,0.844088625679765,0.855578851839983,0.849495695128412,"168"
"25",0.00872443591913346,7.07426038499892,4.8541293210512,0.841745756181954,0.836701641276987,0.866596789574924,0.836701641276987,0.866596789574924,0.848348062344622,"242"
"26",0.00874944408443343,7.07120192748479,4.73040980572165,0.84756387055804,0.847164342601699,0.847878916274261,0.847164342601699,0.847878916274261,0.847535709811333,"46"
"27",0.00888388480906056,7.0613732631622,4.6579933856743,0.860040156752218,0.851126869196309,0.845083988774125,0.845083988774125,0.860040156752218,0.852083671574217,"85"
"28",0.00890895898476697,7.07486318883716,4.83896166361543,0.863455279603218,0.8523232181906,0.842267080876114,0.842267080876114,0.863455279603218,0.852681859556644,"129"
"29",0.0089754031481595,7.0752362721671,4.82426980525493,0.833534275359579,0.835487277001264,0.852126896380762,0.833534275359579,0.852126896380762,0.840382816247202,"64"
"30",0.00898268756499764,7.06070525157508,4.68623858373711,0.835459707505259,0.830934117710145,0.836656049989235,0.830934117710145,0.836656049989235,0.834349958401546,"215"
"31",0.00899560674170257,7.0723288503182,4.7961667341552,0.842528122022323,0.848341416949287,0.856913090008749,0.842528122022323,0.856913090008749,0.849260876326786,"63"
"32",0.00900782364486413,7.07078927523983,4.8186196154003,0.853774309065872,0.85484655140057,0.854084320956789,0.853774309065872,0.85484655140057,0.85423506047441,"205"
"33",0.00907628206525298,7.07368029932658,4.82364658706999,0.850752442995156,0.846471832322231,0.848977705082321,0.846471832322231,0.850752442995156,0.848733993466569,"58"
"34",0.00912715279191509,7.07031662560062,4.71150485342198,0.848582847079254,0.839397630840738,0.857742917015737,0.839397630840738,0.857742917015737,0.848574464978576,"95"
"35",0.00914397837331418,7.07600607956701,4.8364677637249,0.844457089285605,0.857645897521833,0.843951390461701,0.843951390461701,0.857645897521833,0.848684792423047,"224"
"36",0.00916679909436528,7.06435364088789,4.68043571780835,0.846690194010484,0.85198958945238,0.831040069705436,0.831040069705436,0.85198958945238,0.8432399510561,"71"
"37",0.00918022623024605,7.06995881728625,4.77481849224752,0.851440733242915,0.845691206894431,0.857846742464663,0.845691206894431,0.857846742464663,0.851659560867336,"172"
"38",0.00921090251270784,7.07014246418211,4.73778847806059,0.843344982622647,0.850850501805787,0.865807434417524,0.843344982622647,0.865807434417524,0.853334306281986,"57"
"39",0.00921198858085695,7.07970873941511,4.87832625863172,0.836882306377938,0.838889174498128,0.85114096878842,0.836882306377938,0.85114096878842,0.842304149888162,"86"
"40",0.00925008059881888,7.06284487940183,4.64923474902575,0.858558092991737,0.851031287051872,0.855168173660023,0.851031287051872,0.858558092991737,0.854919184567877,"104"
"41",0.00927886823795324,7.07236416801815,4.8148974645628,0.858737200724155,0.856588322714858,0.854932659049993,0.854932659049993,0.858737200724155,0.856752727496335,"76"
"42",0.00928055327225204,7.06440374945759,4.62980619323703,0.863289954120752,0.848001635653641,0.840152909572323,0.840152909572323,0.863289954120752,0.850481499782239,"93"
"43",0.00933047856677187,7.07473921196429,4.83575543724109,0.847084188184006,0.858997952335752,0.85161937805413,0.847084188184006,0.858997952335752,0.852567172857963,"99"
"44",0.00936021359029205,7.06481369479095,4.71286157278384,0.84052497446713,0.843779442552646,0.856208121487594,0.84052497446713,0.856208121487594,0.84683751283579,"143"
"45",0.00940381345631695,7.07898110195899,4.97075989914812,0.842123305775788,0.84926297930313,0.845653535443803,0.842123305775788,0.84926297930313,0.84567994017424,"84"
"46",0.00943771218336122,7.07989862774829,5.02678748940989,0.853052645667946,0.861715678264379,0.863053306699596,0.853052645667946,0.863053306699596,0.859273876877307,"149"
"47",0.00946498141308183,7.06258001672009,4.64148014428628,0.855250462839467,0.849328396070384,0.854493759694774,0.849328396070384,0.855250462839467,0.853024206201542,"221"
"48",0.00946648437430616,7.06549207888931,4.68363102402864,0.855012177132845,0.848583365852579,0.861801421961246,0.848583365852579,0.861801421961246,0.85513232164889,"148"
"49",0.00947671626509819,7.06284032704125,4.69695133309583,0.846811333345089,0.830020893030733,0.851945300581652,0.830020893030733,0.851945300581652,0.842925842319158,"228"
"50",0.00949316314184307,7.07474152723109,4.7783027279018,0.838037516666695,0.832952341498581,0.86293346214369,0.832952341498581,0.86293346214369,0.844641106769655,"32"
"51",0.009520383304081,7.07047022188241,4.80342544970647,0.838443179247953,0.848202031302527,0.846666710250474,0.838443179247953,0.848202031302527,0.844437306933651,"21"
"52",0.00959077467383224,7.07418732874441,4.78172327484362,0.850984897719322,0.854964172552783,0.85795124960372,0.850984897719322,0.85795124960372,0.854633439958609,"180"
"53",0.00960824463362367,7.07136371504582,4.7500325677826,0.857577016631199,0.855049236951659,0.833243278434967,0.833243278434967,0.857577016631199,0.848623177339275,"182"
"54",0.00963222039231418,7.07540308415561,4.84040072449907,0.84957855205854,0.845357298373451,0.853746058856573,0.845357298373451,0.853746058856573,0.849560636429521,"233"
"55",0.00963722859708338,7.07416642912187,4.79302720134299,0.845948100269355,0.867528219545479,0.853751210601102,0.845948100269355,0.867528219545479,0.855742510138645,"98"
"56",0.00964266701122322,7.07098609299661,4.78782038144413,0.847964152951117,0.848273741956349,0.850691975634006,0.847964152951117,0.850691975634006,0.848976623513824,"120"
"57",0.00964984943525006,7.07360914739567,4.83465303433106,0.848086727544641,0.853551601021771,0.841073046730647,0.841073046730647,0.853551601021771,0.847570458432353,"238"
"58",0.00966109327459294,7.0692622567125,4.86395929199325,0.850696036923862,0.852059209849108,0.854645572009947,0.850696036923862,0.854645572009947,0.852466939594305,"126"
"59",0.00973168079017975,7.06991140590384,4.77458643420483,0.850516555976707,0.846262061774734,0.853046247483963,0.846262061774734,0.853046247483963,0.849941621745134,"137"
"60",0.0099068827795931,7.07360280646696,4.80697176834701,0.841637486019755,0.84087191232476,0.859691933452097,0.84087191232476,0.859691933452097,0.847400443932204,"206"
"61",0.00990833082212434,7.07399688527574,4.84280822152405,0.843919005520595,0.858689711063218,0.859662849547303,0.843919005520595,0.859662849547303,0.854090522043705,"122"
"62",0.00995791425999919,7.07126105644706,4.74587266993113,0.848634605742672,0.847463390929933,0.849017441120251,0.847463390929933,0.849017441120251,0.848371812597619,"202"
"63",0.00997249297778277,7.07227606836583,4.80514133631282,0.842335435507964,0.84134098028705,0.858104166242536,0.84134098028705,0.858104166242536,0.847260194012517,"245"
"64",0.00998027535058835,7.07415663325845,4.82881251016249,0.841413570306874,0.839011515224069,0.855726450242086,0.839011515224069,0.855726450242086,0.845383845257676,"55"
"65",0.00998152866034322,7.06769794479716,4.71415916076091,0.851073294100489,0.847509748425189,0.847546125959773,0.847509748425189,0.851073294100489,0.848709722828484,"170"
"66",0.00998514918044707,7.07420798715346,4.80050188604702,0.845195779964204,0.850481134032549,0.862651372342197,0.845195779964204,0.862651372342197,0.852776095446317,"212"
"67",0.00998867206745997,7.06546615098933,4.73287134024309,0.845441433950532,0.857577587861792,0.859427957076053,0.845441433950532,0.859427957076053,0.854148992962792,"150"
"68",0.0100087620851763,7.06906814500917,4.8153166819151,0.863977524604224,0.828721047348137,0.8583058135374,0.828721047348137,0.863977524604224,0.850334795163254,"153"
"69",0.0100245793647583,7.07381511880008,4.78754150192412,0.84432829847049,0.842728757014953,0.842563062360294,0.842563062360294,0.84432829847049,0.843206705948579,"247"
"70",0.0100493705958514,7.0742872421903,4.83947998964791,0.857835675741247,0.847852085098472,0.857912830954931,0.847852085098472,0.857912830954931,0.854533530598217,"157"
"71",0.0100735679981693,7.06974762153936,4.78032500075713,0.852846274680835,0.844738096631511,0.863185893497449,0.844738096631511,0.863185893497449,0.853590088269932,"20"
"72",0.01008390768039,7.07771735349886,4.8435833246558,0.841027646595402,0.848066760847295,0.862821366927434,0.841027646595402,0.862821366927434,0.850638591456711,"197"
"73",0.0100942713048075,7.07063011045111,4.73306440371294,0.846131341528412,0.836956098274846,0.846452171967308,0.836956098274846,0.846452171967308,0.843179870590189,"160"
"74",0.0101627730834062,7.07729594316743,4.85156684744716,0.849822325290249,0.851689196668707,0.844268399412993,0.844268399412993,0.851689196668707,0.848593307123983,"241"
"75",0.0101861918710606,7.07341076305176,4.75273927340817,0.8519232878537,0.84766970914947,0.842141237300557,0.842141237300557,0.8519232878537,0.847244744767909,"117"
"76",0.0102044206479579,7.07668010725866,4.90735311353337,0.850168324118907,0.838447123207166,0.858588057740454,0.838447123207166,0.858588057740454,0.849067835022176,"9"
"77",0.0102410797530146,7.0765430857627,4.84404419818871,0.850949313426493,0.865165373639074,0.855627942989146,0.850949313426493,0.865165373639074,0.857247543351571,"112"
"78",0.0102531107302812,7.07461314163545,4.80210984578579,0.848474570935284,0.852382392529411,0.86160623747981,0.848474570935284,0.86160623747981,0.854154400314835,"200"
"79",0.0102869837061392,7.06985234348211,4.76194074985424,0.829367083368279,0.852428555306155,0.843653530313282,0.829367083368279,0.852428555306155,0.841816389662572,"17"
"80",0.0102874399197237,7.06960855836892,4.76462198792532,0.846711934545884,0.859214590709061,0.849404019388554,0.846711934545884,0.859214590709061,0.8517768482145,"28"
"81",0.0102903496309835,7.07028865433077,4.77080351611256,0.847572113269067,0.841010177179497,0.844341190081061,0.841010177179497,0.847572113269067,0.844307826843208,"78"
"82",0.0102933424429218,7.06902907197285,4.7950992624863,0.847800678962516,0.841618762465405,0.832776366863388,0.832776366863388,0.847800678962516,0.840731936097103,"174"
"83",0.0103286332411972,7.07968240966476,4.91579412942624,0.851738264667351,0.842355770691856,0.862769352644949,0.842355770691856,0.862769352644949,0.852287796001385,"111"
"84",0.0103666643288228,7.07506489060237,4.83847780518432,0.838874218582076,0.839257916903579,0.843706643547993,0.838874218582076,0.843706643547993,0.84061292634455,"154"
"85",0.0104243904576118,7.0734026237186,4.77760730912566,0.84476806525428,0.854212004825238,0.859540455268236,0.84476806525428,0.859540455268236,0.852840175115918,"7"
"86",0.0104263999650815,7.07758046660103,4.88656265835206,0.849400319979758,0.842960301989878,0.850410277073928,0.842960301989878,0.850410277073928,0.847590299681188,"52"
"87",0.0104558238093466,7.06880070472125,4.77225906832346,0.83598883906491,0.853683721110623,0.848760998190018,0.83598883906491,0.853683721110623,0.846144519455183,"226"
"88",0.010498409211452,7.06922670885669,4.69625236824887,0.848519845981986,0.870289055173381,0.849917226301287,0.848519845981986,0.870289055173381,0.856242042485551,"77"
"89",0.0105263728770726,7.07614222239295,4.87853136992252,0.860071464809595,0.856323134657923,0.849004620678584,0.849004620678584,0.860071464809595,0.855133073382034,"171"
"90",0.0105921751329346,7.07097770679229,4.83112270314691,0.853686932838698,0.856963844553174,0.852940564575662,0.852940564575662,0.856963844553174,0.854530447322511,"39"
"91",0.010597017296592,7.07316253420533,4.83357264673335,0.843141730481107,0.848507164319776,0.843123181549887,0.843123181549887,0.848507164319776,0.844924025450257,"41"
"92",0.0106029048647902,7.06879525205524,4.72331424555566,0.847381067017604,0.848404115660488,0.84412258893098,0.84412258893098,0.848404115660488,0.846635923869691,"152"
"93",0.0106121216390824,7.06756560402509,4.6850058248068,0.8368324772262,0.864656419934685,0.856570400554039,0.8368324772262,0.864656419934685,0.852686432571641,"232"
"94",0.0106237081897051,7.07144879658318,4.84072528846884,0.854427239731396,0.850436000573171,0.838145872032743,0.838145872032743,0.854427239731396,0.847669704112437,"130"
"95",0.010634344018048,7.06221715114523,4.59539304891264,0.856136290941848,0.852882028374182,0.831574348453362,0.831574348453362,0.856136290941848,0.846864222589797,"193"
"96",0.0106352977202083,7.07250798792761,4.78666806907328,0.860031894220059,0.845956760853958,0.850844501940277,0.845956760853958,0.860031894220059,0.852277719004765,"144"
"97",0.0106604702856374,7.07226523865148,4.82047548442791,0.848426608843388,0.858791975971503,0.856553051565028,0.848426608843388,0.858791975971503,0.854590545459973,"30"
"98",0.010667677307383,7.07018549393312,4.81660011063586,0.850723859939397,0.842293651203625,0.844326314027478,0.842293651203625,0.850723859939397,0.845781275056833,"158"
"99",0.010712899236299,7.08195169203294,4.94252762402601,0.837288933559606,0.844775304466607,0.843807532686426,0.837288933559606,0.844775304466607,0.841957256904213,"75"
"100",0.0107299959299235,7.07389099472723,4.84209945516391,0.858215423704279,0.846141379370342,0.854082785104861,0.846141379370342,0.858215423704279,0.852813196059827,"4"
"101",0.0107606013798382,7.0728369265727,4.8063770949225,0.850452045785104,0.829217184649767,0.84364030797704,0.829217184649767,0.850452045785104,0.841103179470637,"108"
"102",0.0108196970939452,7.07738060282884,4.86108284542417,0.852093373967989,0.853309086874614,0.845170902771846,0.845170902771846,0.853309086874614,0.850191121204817,"230"
"103",0.0108251055153043,7.0698270799915,4.69240508518165,0.851176741732601,0.85497259796702,0.858523210241189,0.851176741732601,0.858523210241189,0.85489084998027,"179"
"104",0.0108680500624285,7.07416430552328,4.76506229877057,0.848315758166848,0.849962954561955,0.850460315580024,0.848315758166848,0.850460315580024,0.849579676102942,"165"
"105",0.0109207347636603,7.06964977301982,4.75567984468202,0.853908562009197,0.861083050478566,0.856438350762872,0.853908562009197,0.861083050478566,0.857143321083545,"53"
"106",0.0109752469798859,7.07393161603741,4.8740284403973,0.836375498493222,0.857197300092455,0.840987218347776,0.836375498493222,0.857197300092455,0.844853338977817,"101"
"107",0.0109892814465895,7.06936142534316,4.74074058559798,0.848379288756708,0.833240220342625,0.831341265158264,0.831341265158264,0.848379288756708,0.837653591419199,"13"
"108",0.0110026287756348,7.07589556558347,4.90682040022858,0.858916601558045,0.853394170592814,0.849985511471415,0.849985511471415,0.858916601558045,0.854098761207425,"45"
"109",0.0110667728825538,7.07791297275711,4.92332263689541,0.842029582666699,0.844894548911846,0.855472973115447,0.842029582666699,0.855472973115447,0.847465701564664,"15"
"110",0.0110680947047695,7.06747776459855,4.74554231366379,0.859002829895233,0.836741605082415,0.859628055888993,0.836741605082415,0.859628055888993,0.85179083028888,"62"
"111",0.0110824539408975,7.07255353233577,4.75876189243928,0.854110817468262,0.83299745891455,0.853406313987801,0.83299745891455,0.854110817468262,0.846838196790204,"132"
"112",0.0110929138397477,7.07214041414164,4.80925405269496,0.849091622573174,0.839293452598463,0.844486094058206,0.839293452598463,0.849091622573174,0.844290389743281,"133"
"113",0.0110988475451961,7.07228452589592,4.76010669839538,0.843767598727223,0.846384006516908,0.844981451685681,0.843767598727223,0.846384006516908,0.845044352309937,"82"
"114",0.0111041853771199,7.06271968092431,4.62223713352395,0.853916858488453,0.83156448211605,0.839403864589739,0.83156448211605,0.853916858488453,0.841628401731414,"136"
"115",0.0111310661062825,7.0793034224154,4.91081658404007,0.854697930342347,0.859512991879314,0.85956566580532,0.854697930342347,0.85956566580532,0.857925529342327,"123"
"116",0.0111517120733692,7.07390170017474,4.843531988276,0.832233439875128,0.849385800768982,0.857766988570913,0.832233439875128,0.857766988570913,0.846462076405008,"61"
"117",0.0111949294830049,7.07012071506104,4.76468013490737,0.839667974850805,0.844406528497327,0.861084803913489,0.839667974850805,0.861084803913489,0.848386435753874,"18"
"118",0.0112016442785201,7.06776350059643,4.76285998602454,0.852420346506255,0.836482938284883,0.848043350281211,0.836482938284883,0.852420346506255,0.84564887835745,"107"
"119",0.011218948185585,7.07587358197338,4.84902713025374,0.834329344045462,0.852702193864105,0.857667700586206,0.834329344045462,0.857667700586206,0.848233079498591,"201"
"120",0.0112642288434455,7.07834632667145,4.86468378268445,0.846423970341201,0.842703466147266,0.856607429765233,0.842703466147266,0.856607429765233,0.848578288751233,"12"
"121",0.0112814556188594,7.06759520808399,4.74427465773469,0.854476855158517,0.850403975242942,0.853753230512294,0.850403975242942,0.854476855158517,0.852878020304584,"67"
"122",0.0112837547145197,7.06484822779511,4.67495039363048,0.843385134898055,0.858164731509274,0.856545114995858,0.843385134898055,0.858164731509274,0.852698327134396,"244"
"123",0.011304351901004,7.06481200161778,4.63526920608072,0.844672854433255,0.849872839229959,0.835530110342544,0.835530110342544,0.849872839229959,0.843358601335253,"166"
"124",0.0113208968002806,7.07005203599112,4.72620739422719,0.855133609501356,0.851317370971263,0.839323171916324,0.839323171916324,0.855133609501356,0.848591384129648,"38"
"125",0.0113897475506785,7.07721045077153,4.83916818458003,0.846780718733721,0.869357913186457,0.840938422725765,0.840938422725765,0.869357913186457,0.852359018215315,"26"
"126",0.0114019147053881,7.07842145521667,4.88093103745669,0.829690412265722,0.842953658389933,0.844662709030286,0.829690412265722,0.844662709030286,0.839102259895314,"23"
"127",0.0114105995474614,7.08104576401584,4.92484919853411,0.84701150529234,0.864179819408751,0.852010021890874,0.84701150529234,0.864179819408751,0.854400448863988,"74"
"128",0.0114254360014291,7.07657902245295,4.85606570242879,0.850685777257016,0.844612169126086,0.854510394673574,0.844612169126086,0.854510394673574,0.849936113685559,"80"
"129",0.0114596888306764,7.07042686080126,4.74432216958525,0.858427209968309,0.845978023402848,0.844958454974585,0.844958454974585,0.858427209968309,0.849787896115247,"207"
"130",0.0114603489966529,7.06984303825726,4.79643337849585,0.847980320484215,0.859050744189531,0.850466578963472,0.847980320484215,0.859050744189531,0.852499214545739,"161"
"131",0.0115086117420634,7.07214254475925,4.8196154661627,0.840118197255313,0.865030878694278,0.856792340664736,0.840118197255313,0.865030878694278,0.853980472204776,"211"
"132",0.0115161673811198,7.069943253062,4.71432544421792,0.855407752293124,0.852922626538884,0.853782161839292,0.852922626538884,0.855407752293124,0.8540375135571,"118"
"133",0.0115426928881655,7.07319851865644,4.75106268648998,0.844065752015827,0.844888901136463,0.848781046731154,0.844065752015827,0.848781046731154,0.845911899961148,"22"
"134",0.0115691320924255,7.07242330739801,4.7812229965592,0.854514499338325,0.864387141089939,0.858667780227057,0.854514499338325,0.864387141089939,0.859189806885107,"96"
"135",0.0116216532807085,7.06990430062454,4.75919122949939,0.848759419792037,0.86121502993396,0.852058455609537,0.848759419792037,0.86121502993396,0.854010968445178,"124"
"136",0.011630650509336,7.07223107233745,4.78506244299904,0.855893213220635,0.848530971895926,0.838027930687938,0.838027930687938,0.855893213220635,0.8474840386015,"229"
"137",0.0116544964509382,7.06776559737715,4.73003306208743,0.85104932685597,0.837908756015008,0.842529788203366,0.837908756015008,0.85104932685597,0.843829290358114,"131"
"138",0.0116706271430738,7.07478165547042,4.86804366581161,0.857332814443462,0.849903710599979,0.844299061202444,0.844299061202444,0.857332814443462,0.850511862081962,"175"
"139",0.0116749255019742,7.069792600424,4.71519022322253,0.852367736315731,0.840093610518092,0.847985383760862,0.840093610518092,0.852367736315731,0.846815576864895,"44"
"140",0.0116807673651482,7.06689903128582,4.64799997161431,0.853985865793171,0.858627443979913,0.83904556594706,0.83904556594706,0.858627443979913,0.850552958573381,"186"
"141",0.0116984220320764,7.06955665525161,4.73844139750033,0.850549180605818,0.855372500616521,0.859085659428519,0.850549180605818,0.859085659428519,0.855002446883619,"209"
"142",0.0117052794599946,7.0650393131734,4.61231821626788,0.860840837767807,0.846448508956644,0.852469835671963,0.846448508956644,0.860840837767807,0.853253060798805,"79"
"143",0.0117250569799088,7.07449638829008,4.845808939949,0.842192325473403,0.851703424729005,0.871548448582294,0.842192325473403,0.871548448582294,0.855148066261567,"184"
"144",0.0117419483403236,7.07032088999551,4.7487612477218,0.851751006000547,0.855789877183132,0.850131728636763,0.850131728636763,0.855789877183132,0.852557537273481,"88"
"145",0.0117478690337633,7.07531539953906,4.88769293213965,0.850473984941527,0.846621083194965,0.860523593054457,0.846621083194965,0.860523593054457,0.852539553730316,"59"
"146",0.011768741649226,7.06937302496238,4.75088127549474,0.855941894024606,0.835415724869722,0.843952424138646,0.835415724869722,0.855941894024606,0.845103347677658,"48"
"147",0.0118327180461885,7.07119864120425,4.82876255168526,0.857217528556448,0.841483083953615,0.844718032034421,0.841483083953615,0.857217528556448,0.847806214848162,"97"
"148",0.0118463984082885,7.07567297216155,4.85354434539934,0.864977648317415,0.857898398560818,0.853878454212989,0.853878454212989,0.864977648317415,0.858918167030407,"47"
"149",0.0118483465552899,7.07602313868026,4.86301326963892,0.852901054187253,0.838325293704673,0.864512502930596,0.838325293704673,0.864512502930596,0.851912950274174,"56"
"150",0.011865490663866,7.06734561096835,4.67179006827192,0.84292918858331,0.851638908149379,0.853947679237587,0.84292918858331,0.853947679237587,0.849505258656759,"210"
"151",0.0119056362839593,7.08133876331863,4.96969708204213,0.843843006284774,0.856539153845311,0.861284827640169,0.843843006284774,0.861284827640169,0.853888995923418,"139"
"152",0.0119149513619314,7.06667340492508,4.6312708767363,0.859284580789115,0.841334427278379,0.855112936691486,0.841334427278379,0.859284580789115,0.851910648252993,"69"
"153",0.0119238967122407,7.06597821775853,4.67113568323269,0.842799010714463,0.844185585361883,0.83071602537828,0.83071602537828,0.844185585361883,0.839233540484875,"192"
"154",0.0120189033448407,7.07249633144053,4.87442038482226,0.845105573019786,0.854544405308907,0.848000674848684,0.845105573019786,0.854544405308907,0.849216884392459,"214"
"155",0.0120507386681514,7.06570605738171,4.72327004644447,0.855431580632137,0.857119237958947,0.859710959189318,0.855431580632137,0.859710959189318,0.857420592593467,"142"
"156",0.0120548314337029,7.07692067469466,4.88665343341179,0.846738737866801,0.855072006654826,0.838262008185972,0.838262008185972,0.855072006654826,0.846690917569199,"156"
"157",0.0121578536042342,7.07289020918459,4.8328201344753,0.847483995558416,0.849603206575875,0.855077861475287,0.847483995558416,0.855077861475287,0.850721687869859,"91"
"158",0.0122294487667429,7.07225249446026,4.78315691066452,0.84505735320861,0.864142646731249,0.855241440040653,0.84505735320861,0.864142646731249,0.854813813326837,"36"
"159",0.0122440965414572,7.06296704442,4.73467712870432,0.856679945855498,0.865071889182304,0.856652349797873,0.856652349797873,0.865071889182304,0.859468061611892,"178"
"160",0.012266350320676,7.06581641558102,4.65872389969083,0.851349391041905,0.847532397215428,0.862120178472235,0.847532397215428,0.862120178472235,0.853667322243189,"89"
"161",0.0122683947950646,7.07947877209414,4.92475977229757,0.853958422511818,0.866011233360424,0.852772249130311,0.852772249130311,0.866011233360424,0.857580635000851,"190"
"162",0.0122694311835077,7.06571896994014,4.65767357039157,0.859797627997956,0.849154190499358,0.848810905387234,0.848810905387234,0.859797627997956,0.852587574628183,"187"
"163",0.0123261913863344,7.06820231751019,4.74518347836623,0.84298624950146,0.826620759074909,0.857435145963167,0.826620759074909,0.857435145963167,0.842347384846512,"92"
"164",0.0123595960037549,7.0699604080962,4.84645171599669,0.854048066153482,0.863053357029853,0.863098324347265,0.854048066153482,0.863098324347265,0.8600665825102,"127"
"165",0.0124405280754046,7.07365269786832,4.84942193844854,0.840793305994202,0.880024228299526,0.856033057722713,0.840793305994202,0.880024228299526,0.858950197338813,"25"
"166",0.0124422440197813,7.06802548467298,4.65603111120936,0.855079313494975,0.849131852328333,0.861170874951624,0.849131852328333,0.861170874951624,0.855127346924977,"204"
"167",0.012442868072066,7.0819292061021,5.04149573358634,0.84830344809968,0.848357226670081,0.85914308831275,0.84830344809968,0.85914308831275,0.85193458769417,"250"
"168",0.012463103647676,7.06658900803563,4.74017085546432,0.840083664362005,0.839711641459421,0.846157666075957,0.839711641459421,0.846157666075957,0.841984323965794,"194"
"169",0.012501725901919,7.07744015641902,4.86018496034052,0.838070806575931,0.857556307840137,0.84823589584197,0.838070806575931,0.857556307840137,0.84795433675268,"87"
"170",0.0125076390220194,7.06787390150803,4.67960722772472,0.841519160138589,0.844015280312209,0.856385201208566,0.841519160138589,0.856385201208566,0.847306547219788,"72"
"171",0.0125300311398808,7.07237593715061,4.73386234223857,0.846190404464315,0.847440848346946,0.862229758744627,0.846190404464315,0.862229758744627,0.851953670518629,"196"
"172",0.0125624352239396,7.06675387341927,4.73215926382717,0.857309343142247,0.842659974735987,0.852175518657571,0.842659974735987,0.857309343142247,0.850714945511935,"49"
"173",0.0125718047436336,7.07009801083382,4.72707935920803,0.847866831588089,0.834524933848721,0.854485151250355,0.834524933848721,0.854485151250355,0.845625638895722,"191"
"174",0.0125810186978362,7.0664073638257,4.73679711682255,0.852377158187825,0.84780544029581,0.847870228333749,0.84780544029581,0.852377158187825,0.849350942272461,"235"
"175",0.0125889744022287,7.07330436525507,4.82726914668632,0.838111319487024,0.832697029042695,0.84725083500508,0.832697029042695,0.84725083500508,0.839353061178266,"83"
"176",0.0126134641301963,7.07576999699242,4.82501539514621,0.857964751688519,0.859661229413644,0.848215109628189,0.848215109628189,0.859661229413644,0.855280363576784,"68"
"177",0.0126362827177024,7.0679101713397,4.76375013518233,0.843092592768734,0.855235581597793,0.860814794916593,0.843092592768734,0.860814794916593,0.853047656427707,"2"
"178",0.0126956074275387,7.07037189183118,4.82592449154518,0.8329483445752,0.832971402276673,0.858459474475623,0.8329483445752,0.858459474475623,0.841459740442499,"116"
"179",0.0127157642025652,7.07039480316486,4.87921675400254,0.85103130872438,0.852241212355584,0.861582124153361,0.85103130872438,0.861582124153361,0.854951548411108,"1"
"180",0.0127298109446811,7.06933000138803,4.72108738058444,0.853030439865648,0.853484642117008,0.86472453164655,0.853030439865648,0.86472453164655,0.857079871209735,"94"
"181",0.0127562684214048,7.07146166767467,4.85020804635847,0.848813428415236,0.853491053173892,0.858014279005407,0.848813428415236,0.858014279005407,0.853439586864845,"11"
"182",0.0128843700354857,7.07167501524608,4.76180060875468,0.856539161888774,0.843406335970239,0.842253413456635,0.842253413456635,0.856539161888774,0.847399637105216,"10"
"183",0.0129030719683582,7.07205922392772,4.79932617992142,0.844776298434065,0.83952641175412,0.844693186646435,0.83952641175412,0.844776298434065,0.842998632278207,"6"
"184",0.0129636003489983,7.06615155553877,4.7605358299439,0.844213533953713,0.858044459408241,0.842184934394566,0.842184934394566,0.858044459408241,0.848147642585507,"188"
"185",0.0129697119814702,7.07129544769078,4.83048683016688,0.851529259067393,0.87019416279154,0.861016687655825,0.851529259067393,0.87019416279154,0.860913369838253,"216"
"186",0.0130452854908066,7.07790369260114,4.89733937057321,0.85072155419545,0.846723434557388,0.847359885449496,0.846723434557388,0.85072155419545,0.848268291400778,"37"
"187",0.013082087072346,7.07653233039172,4.867918561892,0.842020717782637,0.844028796407905,0.852470765963783,0.842020717782637,0.852470765963783,0.846173426718108,"164"
"188",0.0131188074070269,7.07266996535077,4.79218467731108,0.858924339314469,0.843949683901853,0.84535206428987,0.843949683901853,0.858924339314469,0.849408695835397,"173"
"189",0.0131269352052334,7.06073379292901,4.6044932251651,0.854804862402698,0.863043419041603,0.853035091990591,0.853035091990591,0.863043419041603,0.856961124478298,"73"
"190",0.0131640191479895,7.06785352638975,4.64230613638812,0.841572619580058,0.845435111456002,0.850278533947966,0.841572619580058,0.850278533947966,0.845762088328009,"145"
"191",0.0132238343038506,7.0673345712523,4.67773950302951,0.849129327862491,0.846592892265246,0.851425886429442,0.846592892265246,0.851425886429442,0.849049368852393,"222"
"192",0.0132969151701938,7.07669042869498,4.89215587684308,0.846348010669119,0.833410272457475,0.861545644380897,0.833410272457475,0.861545644380897,0.847101309169163,"114"
"193",0.0133118560338771,7.06486970480257,4.70413801460998,0.848546925768121,0.85933070250253,0.857605766096594,0.848546925768121,0.85933070250253,0.855161131455748,"167"
"194",0.0134074743330752,7.0650766125371,4.7029771712196,0.848160114283213,0.867073292441636,0.854530626572012,0.848160114283213,0.867073292441636,0.856588011098954,"70"
"195",0.0134417889386869,7.07472140322169,4.8749853025394,0.853325562767454,0.855587520973224,0.86402928122348,0.853325562767454,0.86402928122348,0.857647454988053,"177"
"196",0.0134445403528532,7.07050906387987,4.83289977553014,0.849076718695033,0.83683786527076,0.852661244899201,0.83683786527076,0.852661244899201,0.846191942954998,"128"
"197",0.0134805785958474,7.06955888021043,4.72389202541556,0.847890421528225,0.855177980111527,0.843858535731789,0.843858535731789,0.855177980111527,0.848975645790514,"135"
"198",0.0135332561332724,7.07420842116184,4.87817114403399,0.844529795264035,0.850209615781316,0.852036077849521,0.844529795264035,0.852036077849521,0.848925162964957,"5"
"199",0.013616211053167,7.07722583111826,4.94748992562658,0.840722159768847,0.849811795339954,0.858226282485092,0.840722159768847,0.858226282485092,0.849586745864631,"227"
"200",0.013624824022429,7.0755627842712,4.85724204395037,0.849438629141195,0.831339728768322,0.846240591535325,0.831339728768322,0.849438629141195,0.842339649814947,"65"
"201",0.0136838373423491,7.0711952692549,4.81701744442042,0.852776797089301,0.840269308001568,0.845229184409264,0.840269308001568,0.852776797089301,0.846091763166711,"243"
"202",0.013824720341312,7.06988680912661,4.80977509885844,0.84004597504394,0.843940421788646,0.838419923348983,0.838419923348983,0.843940421788646,0.84080210672719,"169"
"203",0.0139090752105024,7.06844468603986,4.64314875193264,0.845354848521738,0.847814233486975,0.855405093811242,0.845354848521738,0.855405093811242,0.849524725273319,"213"
"204",0.0140650713904926,7.06869954212452,4.77283791980731,0.850520159093008,0.861463042701662,0.849040058960924,0.849040058960924,0.861463042701662,0.853674420251865,"102"
"205",0.0140737254965761,7.07038485990544,4.83059951902353,0.833781368216098,0.858684054903347,0.844519109002628,0.833781368216098,0.858684054903347,0.845661510707358,"14"
"206",0.0141063656581693,7.07292561608337,4.79128316759809,0.840993316221863,0.844803863010501,0.858756183979046,0.840993316221863,0.858756183979046,0.848184454403804,"208"
"207",0.0141172687880789,7.07251804876284,4.80557404412488,0.85001893476755,0.833886959612495,0.844122945185167,0.833886959612495,0.85001893476755,0.84267627985507,"109"
"208",0.0142127461896492,7.07159917331685,4.77223427217863,0.849123196984987,0.850532641272064,0.839431037092465,0.839431037092465,0.850532641272064,0.846362291783172,"240"
"209",0.0142201163822616,7.07060401996199,4.7663591866515,0.847663822368153,0.856344704399968,0.850349314251472,0.847663822368153,0.856344704399968,0.851452613673198,"81"
"210",0.0142385812813176,7.07410485140114,4.77930195797617,0.85655367319224,0.8619608584767,0.862805233803517,0.85655367319224,0.862805233803517,0.860439921824152,"29"
"211",0.0142642278740941,7.07024732967061,4.80766408759491,0.86587433187262,0.864191556947516,0.863196019312802,0.863196019312802,0.86587433187262,0.864420636044313,"176"
"212",0.0143395056859111,7.07345601651431,4.91648457132043,0.850712696231382,0.838179685216798,0.851984824329713,0.838179685216798,0.851984824329713,0.846959068592631,"199"
"213",0.0143524381479485,7.07613928490693,4.82865148528416,0.830990988603331,0.826302303638403,0.862514950233204,0.826302303638403,0.862514950233204,0.83993608082498,"220"
"214",0.0143631152938079,7.05976059821763,4.64631891234149,0.853745567046814,0.850153350077223,0.840487959346293,0.840487959346293,0.853745567046814,0.848128958823443,"8"
"215",0.0143838648468332,7.07049357935853,4.70216383480343,0.851904415749924,0.839527527634741,0.858258664554666,0.839527527634741,0.858258664554666,0.84989686931311,"147"
"216",0.0143957722877514,7.07329077572227,4.80620189480967,0.844541466988939,0.834160734291259,0.852359634700339,0.834160734291259,0.852359634700339,0.843687278660179,"223"
"217",0.0145175207612367,7.06609141651426,4.67235272386253,0.861330203555296,0.844015899659526,0.83531661204781,0.83531661204781,0.861330203555296,0.846887571754211,"51"
"218",0.0145862311978271,7.07044250802908,4.71310969604886,0.825752556746298,0.859623898616831,0.853146992730475,0.825752556746298,0.859623898616831,0.846174482697868,"155"
"219",0.014646731192666,7.07385248359503,4.76265739645691,0.860965405923124,0.853487158659643,0.857839054657394,0.853487158659643,0.860965405923124,0.85743053974672,"33"
"220",0.0146485269075669,7.06578753974274,4.6357317239312,0.858296834020819,0.841889385082469,0.855004707674073,0.841889385082469,0.858296834020819,0.851730308925787,"219"
"221",0.0147043474647728,7.07150008189088,4.75266502343239,0.851645945492287,0.844739417891274,0.855212298994493,0.844739417891274,0.855212298994493,0.850532554126018,"225"
"222",0.0147552250052873,7.06994618079568,4.77673356245354,0.844893713679753,0.83993698697048,0.861494353584151,0.83993698697048,0.861494353584151,0.848775018078128,"159"
"223",0.0147983219099802,7.07565592525482,4.8252274820448,0.84828194312806,0.853428773124792,0.868460749827297,0.84828194312806,0.868460749827297,0.856723822026716,"31"
"224",0.014901594819205,7.06900761908206,4.78297569009196,0.852487395993435,0.831193432354829,0.850117969151791,0.831193432354829,0.852487395993435,0.844599599166685,"138"
"225",0.0149602912900721,7.06899042559733,4.74136068076383,0.854595347781423,0.848924343323783,0.847790426610697,0.847790426610697,0.854595347781423,0.850436705905301,"198"
"226",0.0150903021841352,7.0697730071532,4.78562431855216,0.860126946124103,0.859424145285996,0.856382055921524,0.856382055921524,0.860126946124103,0.858644382443874,"42"
"227",0.0151360547071295,7.0755907302606,4.92710637421324,0.84382664666542,0.852806125812738,0.855491494753507,0.84382664666542,0.855491494753507,0.850708089077222,"246"
"228",0.0152176411959771,7.06933845424265,4.83509414124514,0.850413189201507,0.851492997661463,0.844489833522363,0.844489833522363,0.851492997661463,0.848798673461777,"134"
"229",0.0153592946406408,7.07438020002593,4.86867735747375,0.850430483411355,0.843468894533376,0.849963101614849,0.843468894533376,0.850430483411355,0.847954159853193,"162"
"230",0.0157984663573942,7.06638908006804,4.7948443227773,0.836334658819215,0.853296306306042,0.852304786895309,0.836334658819215,0.853296306306042,0.847311917340189,"146"
"231",0.0158232488366407,7.07267398694239,4.76993534936125,0.845858540096573,0.848860795541974,0.85620136717792,0.845858540096573,0.85620136717792,0.850306900938823,"239"
"232",0.0159433719489592,7.06953902589178,4.75828688805433,0.862934007377942,0.856163829306305,0.85204688000747,0.85204688000747,0.862934007377942,0.857048238897239,"203"
"233",0.0160794432092941,7.06660468863765,4.77458975842343,0.854564000266974,0.851698142468861,0.849700477797434,0.849700477797434,0.854564000266974,0.851987540177756,"113"
"234",0.0161129637934936,7.07154408514402,4.73547735029573,0.839652345040854,0.844809021000149,0.856516947976578,0.839652345040854,0.856516947976578,0.846992771339194,"40"
"235",0.0162255130325578,7.07376255595559,4.87597930959061,0.839013937487513,0.835927128661271,0.849944849483067,0.835927128661271,0.849944849483067,0.841628638543951,"34"
"236",0.0162948194828821,7.0713018637316,4.73405486955425,0.857640549494861,0.840732454913349,0.860792653535875,0.840732454913349,0.860792653535875,0.853055219314695,"237"
"237",0.0164517201388083,7.06428070641722,4.70778700829924,0.837966359803215,0.848517081055176,0.82713097309958,0.82713097309958,0.848517081055176,0.837871471319324,"50"
"238",0.0165277144436436,7.06850197328428,4.74418945688745,0.850278275030393,0.85141164014782,0.860112210702762,0.850278275030393,0.860112210702762,0.853934041960325,"24"
"239",0.0166503442571029,7.07052049542841,4.72045859893803,0.85215908554107,0.849367130613449,0.842470325866456,0.842470325866456,0.85215908554107,0.847998847340325,"35"
"240",0.0167835725029787,7.072090406557,4.84271252580737,0.846925417924188,0.836823979745833,0.848444192598173,0.836823979745833,0.848444192598173,0.844064530089398,"195"
"241",0.0168856429796765,7.06731089224523,4.66231780120667,0.863458103053327,0.847449997737075,0.848258380163713,0.847449997737075,0.863458103053327,0.853055493651372,"16"
"242",0.0172215345313577,7.07381370354068,4.7994259191794,0.841999452339941,0.848315476687239,0.847153952593342,0.841999452339941,0.848315476687239,0.845822960540174,"141"
"243",0.0174585780467346,7.07132727730289,4.77609085934721,0.852030462590978,0.862463576830971,0.857774131631924,0.852030462590978,0.862463576830971,0.857422723684625,"60"
"244",0.017760825059497,7.07422888212095,4.84380423774891,0.840495777589697,0.850739524922963,0.835498920398919,0.835498920398919,0.850739524922963,0.842244740970526,"234"
"245",0.0181182710266899,7.06950557547068,4.73947813532446,0.8648612825405,0.850356499181235,0.857823736704328,0.850356499181235,0.8648612825405,0.857680506142021,"248"
"246",0.0185004020835008,7.07273107256776,4.85999998597115,0.843195682752413,0.871113435267526,0.856972159072556,0.843195682752413,0.871113435267526,0.857093759030832,"121"
"247",0.018674247724651,7.07251603398483,4.83851250187106,0.844151453615161,0.850482090637308,0.85100395830427,0.844151453615161,0.85100395830427,0.84854583418558,"27"
"248",0.0189907774107106,7.07114891965313,4.82765092102895,0.857177565861857,0.856693361869612,0.849063772603673,0.849063772603673,0.857177565861857,0.85431156677838,"66"
"249",0.0190688078865105,7.06842508567498,4.77086842459371,0.865065796872632,0.841108607024677,0.853335058482384,0.841108607024677,0.865065796872632,0.853169820793231,"3"
"250",0.0260305121952096,7.07581544106213,4.88573514358165,0.835759737994836,0.848441672243091,0.866667062719404,0.835759737994836,0.866667062719404,0.850289490985777,"19"
